"bloque","k1","k2","k3","creditos","saldo_nuestro","monto_vista","saldo_mambu_vista"
"0. vista TEMPRANA antiguo por fecha_ancla","ancla 2026-09-01","","","2788",,"4901102.82","4749713.8"
"0. vista TEMPRANA antiguo por fecha_ancla","ancla 2026-09-02","","","1",,"813.98","0.0"
"0. vista TEMPRANA antiguo por fecha_ancla","ancla 2026-09-04","","","1",,"2855.74","2855.74"
"0b. vista 202609 composicion","ESPECIALIZADA","antiguo","(null)","2155",,"4359429.05","4348864.46"
"0b. vista 202609 composicion","ESPECIALIZADA","nuevo","(null)","7",,"9658.94","9560.14"
"0b. vista 202609 composicion","RECOVERY","antiguo","(null)","4604",,"1.022375551E7","1.022258964E7"
"0b. vista 202609 composicion","TEMPRANA","antiguo","(null)","2790",,"4904772.54","4752569.54"
"0b. vista 202609 composicion","TEMPRANA","nuevo","(null)","3990",,"6282493.38","5946810.96"
"1. v1 (cierre ago) -> v2 (dia 1)","a. en v1 y v2","-","","1860","3000266.0",,
"1. v1 (cierre ago) -> v2 (dia 1)","b. solo v1 (sale)","b2. mora 0 el 1-sep (curo antes del dia 1)","","478","656620.76",,
"1. v1 (cierre ago) -> v2 (dia 1)","b. solo v1 (sale)","b3. pasa a 31+ el 1-sep","","46","77843.32",,
"1. v1 (cierre ago) -> v2 (dia 1)","c. solo v2 (entra)","c2. mora 0 al cierre: entra en mora el 1-sep","","965","1915671.38",,
"1. v1 (cierre ago) -> v2 (dia 1)","c. solo v2 (entra)","c3. otro","","12","14279.37",,
"2. v2 vs vista TEMPRANA antiguo","a. en ambos","a1. estaba en v1 (stock al cierre)","monto distinto","1","2488.04","2855.74","2855.74"
"2. v2 vs vista TEMPRANA antiguo","a. en ambos","a1. estaba en v1 (stock al cierre)","monto igual (+-S/1)","1791","2916424.94","2916424.94","2854076.03"
"2. v2 vs vista TEMPRANA antiguo","a. en ambos","a2. nuevo en v2 (entro el 1-sep)","monto distinto","1","1483.63","1209.64","1209.64"
"2. v2 vs vista TEMPRANA antiguo","a. en ambos","a2. nuevo en v2 (entro el 1-sep)","monto igual (+-S/1)","958","1901437.61","1901437.61","1814314.07"
"2. v2 vs vista TEMPRANA antiguo","b. solo nuestro","b1. vista: ESPECIALIZADA / antiguo","estaba en v1","59","74395.56",,
"2. v2 vs vista TEMPRANA antiguo","b. solo nuestro","b1. vista: ESPECIALIZADA / antiguo","nuevo en v2","7","10043.13",,
"2. v2 vs vista TEMPRANA antiguo","b. solo nuestro","b1. vista: RECOVERY / antiguo","estaba en v1","2","1560.55",,
"2. v2 vs vista TEMPRANA antiguo","b. solo nuestro","b3. no aparece en asignaciones de sep","estaba en v1 | mora 0 el 2-sep","4","2677.48",,
"2. v2 vs vista TEMPRANA antiguo","b. solo nuestro","b3. no aparece en asignaciones de sep","estaba en v1 | sigue en mora el 2-sep","3","2719.43",,
"2. v2 vs vista TEMPRANA antiguo","b. solo nuestro","b3. no aparece en asignaciones de sep","nuevo en v2 | mora 0 el 2-sep","11","16986.38",,
"2. v2 vs vista TEMPRANA antiguo","c. solo la vista","c1. reenganche (flg_last_loan_in_chain)","ancla 2026-09-01","13",,"18575.02","16690.76"
"2. v2 vs vista TEMPRANA antiguo","c. solo la vista","c3. sin foto Mambu al cierre de ago con saldo > 0","ancla 2026-09-02","1",,"813.98","0.0"
"2. v2 vs vista TEMPRANA antiguo","c. solo la vista","c6. mora 0 el 1-sep y el 2-sep","ancla 2026-09-01","25",,"63455.61","63423.3"
