dia,proy_stock,proy_nuevos,proy_total,real_stock,real_nuevos,real_total
1,51496.42,88129.53,139625.95,36355.02,44812.47,81167.49
2,91169.93,132141.59,223311.51,67667.84,68409.53,136077.37
3,116170.07,237646.55,353816.62,86756.59,129901.61,216658.2
4,133269.16,297771.82,431040.98,123182.27,226629.67,349811.94
5,151012.62,385763.43,536776.05,144214.31,350234.76,494449.07
6,165326.65,486000.4,651327.05,159739.89,452779.31,612519.2
7,175094.17,569267.62,744361.8,168420.72,523136.67,691557.39
8,185849.99,648474.04,834324.03,180179.65,576705.88,756885.53
9,196082.02,726947.22,923029.24,185438.64,629918.49,815357.13
10,205128.87,798186.98,1003315.85,189244.06,655383.72,844627.78
11,214507.91,845430.83,1059938.74,199675.41,734575.91,934251.32
12,221362.03,928916.21,1150278.24,208461.54,829932.93,1038394.47
13,230069.64,1000508.29,1230577.93,219361.16,912675.96,1132037.12
14,237068.58,1068245.76,1305314.34,227226.86,983837.5,1211064.36
15,245804.16,1137654.47,1383458.63,242218.99,1054225.0,1296443.99
16,253409.93,1243740.87,1497150.8,249994.76,1135114.8,1385109.56
17,261126.71,1333410.69,1594537.4,253676.56,1175167.34,1428843.9
18,267704.52,1390735.86,1658440.38,260784.6,1253552.2,1514336.8
19,275233.95,1481011.15,1756245.1,271009.48,1357061.5,1628070.98
20,285278.48,1561927.88,1847206.36,285836.82,1456426.0,1742262.82
21,292485.48,1645920.18,1938405.65,292558.65,1554580.53,1847139.18
22,299730.04,1730389.85,2030119.9,302465.4,1639392.39,1941857.79
23,306994.3,1812439.18,2119433.48,309247.08,1698799.21,2008046.29
24,315324.2,1895138.12,2210462.32,311945.94,1738099.4,2050045.34
25,325445.99,1952653.81,2278099.8,326539.59,1822513.56,2149053.15
26,338264.13,2076328.34,2414592.46,343388.49,1940794.01,2284182.5
27,353919.24,2185300.83,2539220.06,359153.79,2042571.06,2401724.85
28,373687.86,2287508.3,2661196.16,375912.35,2147987.42,2523899.77
29,394440.26,2404669.14,2799109.41,406525.77,2257107.08,2663632.85
30,422138.74,2518050.45,2940189.19,433373.04,2344570.5,2777943.54
31,434161.46,2707536.62,3141698.08,444848.05,2448364.1,2893212.15
