"periodo","elegibles_creditos","elegibles_soles","entran_creditos","entran_soles","tasa_creditos_pct","tasa_soles_pct"
"202508","25069","3.152159187E7","5414","8103570.74","21.5964","25.708"
"202509","28392","3.74168102E7","6463","9845453.56","22.7635","26.3129"
"202510","29680","3.997134649E7","6512","1.014544761E7","21.9407","25.3818"
"202511","27383","3.614958489E7","5585","8510787.52","20.3959","23.5433"
"202512","33035","4.462447024E7","6984","1.080215438E7","21.1412","24.2068"
"202601","35888","4.722733024E7","7608","1.104629137E7","21.1993","23.3896"
"202602","33555","4.273292246E7","7783","1.109761431E7","23.1948","25.9697"
"202603","42559","5.472240885E7","10141","1.487406783E7","23.8281","27.1809"
"202604","41081","5.178617168E7","8951","1.297577493E7","21.7887","25.0564"
"202605","47146","6.173518665E7","10172","1.543252924E7","21.5755","24.9979"
