"tramo","avance_band","dia","pct_recupero_acum"
"a. 1-8","a. avance <10%","1","1.518"
"a. 1-8","a. avance <10%","2","2.662"
"a. 1-8","a. avance <10%","3","3.428"
"a. 1-8","a. avance <10%","4","4.035"
"a. 1-8","a. avance <10%","5","4.412"
"a. 1-8","a. avance <10%","6","4.649"
"a. 1-8","a. avance <10%","7","4.999"
"a. 1-8","a. avance <10%","8","5.225"
"a. 1-8","a. avance <10%","9","5.432"
"a. 1-8","a. avance <10%","10","5.581"
"a. 1-8","a. avance <10%","11","5.826"
"a. 1-8","a. avance <10%","12","6.0"
"a. 1-8","a. avance <10%","13","6.084"
"a. 1-8","a. avance <10%","14","6.203"
"a. 1-8","a. avance <10%","15","6.352"
"a. 1-8","a. avance <10%","16","6.533"
"a. 1-8","a. avance <10%","17","6.616"
"a. 1-8","a. avance <10%","18","6.765"
"a. 1-8","a. avance <10%","19","6.857"
"a. 1-8","a. avance <10%","20","7.004"
"a. 1-8","a. avance <10%","21","7.087"
"a. 1-8","a. avance <10%","22","7.13"
"a. 1-8","a. avance <10%","23","7.262"
"a. 1-8","a. avance <10%","24","7.407"
"a. 1-8","a. avance <10%","25","7.554"
"a. 1-8","a. avance <10%","26","7.935"
"a. 1-8","a. avance <10%","27","8.472"
"a. 1-8","a. avance <10%","28","8.857"
"a. 1-8","a. avance <10%","29","9.455"
"a. 1-8","a. avance <10%","30","9.996"
"a. 1-8","a. avance <10%","31","10.251"
"a. 1-8","b. avance 10-40%","1","2.439"
"a. 1-8","b. avance 10-40%","2","4.335"
"a. 1-8","b. avance 10-40%","3","5.601"
"a. 1-8","b. avance 10-40%","4","6.25"
"a. 1-8","b. avance 10-40%","5","6.875"
"a. 1-8","b. avance 10-40%","6","7.312"
"a. 1-8","b. avance 10-40%","7","7.617"
"a. 1-8","b. avance 10-40%","8","7.965"
"a. 1-8","b. avance 10-40%","9","8.29"
"a. 1-8","b. avance 10-40%","10","8.44"
"a. 1-8","b. avance 10-40%","11","8.693"
"a. 1-8","b. avance 10-40%","12","8.869"
"a. 1-8","b. avance 10-40%","13","9.273"
"a. 1-8","b. avance 10-40%","14","9.417"
"a. 1-8","b. avance 10-40%","15","9.627"
"a. 1-8","b. avance 10-40%","16","9.777"
"a. 1-8","b. avance 10-40%","17","9.978"
"a. 1-8","b. avance 10-40%","18","10.153"
"a. 1-8","b. avance 10-40%","19","10.4"
"a. 1-8","b. avance 10-40%","20","10.684"
"a. 1-8","b. avance 10-40%","21","10.94"
"a. 1-8","b. avance 10-40%","22","11.319"
"a. 1-8","b. avance 10-40%","23","11.595"
"a. 1-8","b. avance 10-40%","24","11.823"
"a. 1-8","b. avance 10-40%","25","12.219"
"a. 1-8","b. avance 10-40%","26","12.654"
"a. 1-8","b. avance 10-40%","27","13.233"
"a. 1-8","b. avance 10-40%","28","13.977"
"a. 1-8","b. avance 10-40%","29","14.66"
"a. 1-8","b. avance 10-40%","30","15.487"
"a. 1-8","b. avance 10-40%","31","15.919"
"a. 1-8","c. avance 40-70%","1","6.053"
"a. 1-8","c. avance 40-70%","2","10.762"
"a. 1-8","c. avance 40-70%","3","13.459"
"a. 1-8","c. avance 40-70%","4","15.219"
"a. 1-8","c. avance 40-70%","5","16.893"
"a. 1-8","c. avance 40-70%","6","18.306"
"a. 1-8","c. avance 40-70%","7","19.218"
"a. 1-8","c. avance 40-70%","8","20.248"
"a. 1-8","c. avance 40-70%","9","20.955"
"a. 1-8","c. avance 40-70%","10","21.48"
"a. 1-8","c. avance 40-70%","11","22.034"
"a. 1-8","c. avance 40-70%","12","22.418"
"a. 1-8","c. avance 40-70%","13","22.726"
"a. 1-8","c. avance 40-70%","14","23.1"
"a. 1-8","c. avance 40-70%","15","23.582"
"a. 1-8","c. avance 40-70%","16","23.888"
"a. 1-8","c. avance 40-70%","17","24.165"
"a. 1-8","c. avance 40-70%","18","24.397"
"a. 1-8","c. avance 40-70%","19","24.843"
"a. 1-8","c. avance 40-70%","20","25.415"
"a. 1-8","c. avance 40-70%","21","25.698"
"a. 1-8","c. avance 40-70%","22","26.169"
"a. 1-8","c. avance 40-70%","23","26.666"
"a. 1-8","c. avance 40-70%","24","27.266"
"a. 1-8","c. avance 40-70%","25","27.995"
"a. 1-8","c. avance 40-70%","26","28.98"
"a. 1-8","c. avance 40-70%","27","29.873"
"a. 1-8","c. avance 40-70%","28","30.934"
"a. 1-8","c. avance 40-70%","29","32.035"
"a. 1-8","c. avance 40-70%","30","33.895"
"a. 1-8","c. avance 40-70%","31","34.691"
"a. 1-8","d. avance 70%+","1","12.165"
"a. 1-8","d. avance 70%+","2","21.936"
"a. 1-8","d. avance 70%+","3","27.897"
"a. 1-8","d. avance 70%+","4","31.814"
"a. 1-8","d. avance 70%+","5","34.492"
"a. 1-8","d. avance 70%+","6","37.141"
"a. 1-8","d. avance 70%+","7","38.375"
"a. 1-8","d. avance 70%+","8","40.761"
"a. 1-8","d. avance 70%+","9","42.674"
"a. 1-8","d. avance 70%+","10","44.439"
"a. 1-8","d. avance 70%+","11","46.877"
"a. 1-8","d. avance 70%+","12","48.317"
"a. 1-8","d. avance 70%+","13","49.385"
"a. 1-8","d. avance 70%+","14","50.321"
"a. 1-8","d. avance 70%+","15","51.205"
"a. 1-8","d. avance 70%+","16","51.795"
"a. 1-8","d. avance 70%+","17","52.635"
"a. 1-8","d. avance 70%+","18","53.507"
"a. 1-8","d. avance 70%+","19","53.98"
"a. 1-8","d. avance 70%+","20","55.044"
"a. 1-8","d. avance 70%+","21","56.081"
"a. 1-8","d. avance 70%+","22","56.706"
"a. 1-8","d. avance 70%+","23","57.537"
"a. 1-8","d. avance 70%+","24","58.539"
"a. 1-8","d. avance 70%+","25","59.159"
"a. 1-8","d. avance 70%+","26","60.132"
"a. 1-8","d. avance 70%+","27","61.501"
"a. 1-8","d. avance 70%+","28","62.83"
"a. 1-8","d. avance 70%+","29","64.68"
"a. 1-8","d. avance 70%+","30","66.662"
"a. 1-8","d. avance 70%+","31","67.583"
"b. 9-15","a. avance <10%","1","0.498"
"b. 9-15","a. avance <10%","2","0.855"
"b. 9-15","a. avance <10%","3","1.069"
"b. 9-15","a. avance <10%","4","1.268"
"b. 9-15","a. avance <10%","5","1.47"
"b. 9-15","a. avance <10%","6","1.642"
"b. 9-15","a. avance <10%","7","1.75"
"b. 9-15","a. avance <10%","8","1.863"
"b. 9-15","a. avance <10%","9","2.07"
"b. 9-15","a. avance <10%","10","2.937"
"b. 9-15","a. avance <10%","11","3.087"
"b. 9-15","a. avance <10%","12","3.189"
"b. 9-15","a. avance <10%","13","3.319"
"b. 9-15","a. avance <10%","14","3.393"
"b. 9-15","a. avance <10%","15","3.558"
"b. 9-15","a. avance <10%","16","3.685"
"b. 9-15","a. avance <10%","17","3.838"
"b. 9-15","a. avance <10%","18","3.964"
"b. 9-15","a. avance <10%","19","4.156"
"b. 9-15","a. avance <10%","20","4.56"
"b. 9-15","a. avance <10%","21","4.715"
"b. 9-15","a. avance <10%","22","4.85"
"b. 9-15","a. avance <10%","23","5.031"
"b. 9-15","a. avance <10%","24","5.272"
"b. 9-15","a. avance <10%","25","5.543"
"b. 9-15","a. avance <10%","26","5.681"
"b. 9-15","a. avance <10%","27","5.784"
"b. 9-15","a. avance <10%","28","5.834"
"b. 9-15","a. avance <10%","29","6.263"
"b. 9-15","a. avance <10%","30","6.541"
"b. 9-15","a. avance <10%","31","6.686"
"b. 9-15","b. avance 10-40%","1","0.94"
"b. 9-15","b. avance 10-40%","2","1.823"
"b. 9-15","b. avance 10-40%","3","2.36"
"b. 9-15","b. avance 10-40%","4","2.73"
"b. 9-15","b. avance 10-40%","5","3.357"
"b. 9-15","b. avance 10-40%","6","3.825"
"b. 9-15","b. avance 10-40%","7","4.042"
"b. 9-15","b. avance 10-40%","8","4.268"
"b. 9-15","b. avance 10-40%","9","4.498"
"b. 9-15","b. avance 10-40%","10","4.888"
"b. 9-15","b. avance 10-40%","11","5.092"
"b. 9-15","b. avance 10-40%","12","5.301"
"b. 9-15","b. avance 10-40%","13","5.618"
"b. 9-15","b. avance 10-40%","14","5.857"
"b. 9-15","b. avance 10-40%","15","6.327"
"b. 9-15","b. avance 10-40%","16","6.747"
"b. 9-15","b. avance 10-40%","17","7.348"
"b. 9-15","b. avance 10-40%","18","7.763"
"b. 9-15","b. avance 10-40%","19","8.002"
"b. 9-15","b. avance 10-40%","20","8.74"
"b. 9-15","b. avance 10-40%","21","9.253"
"b. 9-15","b. avance 10-40%","22","9.494"
"b. 9-15","b. avance 10-40%","23","9.786"
"b. 9-15","b. avance 10-40%","24","10.159"
"b. 9-15","b. avance 10-40%","25","10.587"
"b. 9-15","b. avance 10-40%","26","10.978"
"b. 9-15","b. avance 10-40%","27","11.3"
"b. 9-15","b. avance 10-40%","28","11.443"
"b. 9-15","b. avance 10-40%","29","11.801"
"b. 9-15","b. avance 10-40%","30","12.035"
"b. 9-15","b. avance 10-40%","31","12.193"
"b. 9-15","c. avance 40-70%","1","2.811"
"b. 9-15","c. avance 40-70%","2","4.631"
"b. 9-15","c. avance 40-70%","3","5.941"
"b. 9-15","c. avance 40-70%","4","6.933"
"b. 9-15","c. avance 40-70%","5","8.663"
"b. 9-15","c. avance 40-70%","6","10.126"
"b. 9-15","c. avance 40-70%","7","10.939"
"b. 9-15","c. avance 40-70%","8","12.04"
"b. 9-15","c. avance 40-70%","9","13.601"
"b. 9-15","c. avance 40-70%","10","14.154"
"b. 9-15","c. avance 40-70%","11","14.647"
"b. 9-15","c. avance 40-70%","12","15.03"
"b. 9-15","c. avance 40-70%","13","15.89"
"b. 9-15","c. avance 40-70%","14","16.71"
"b. 9-15","c. avance 40-70%","15","17.211"
"b. 9-15","c. avance 40-70%","16","17.621"
"b. 9-15","c. avance 40-70%","17","18.627"
"b. 9-15","c. avance 40-70%","18","19.468"
"b. 9-15","c. avance 40-70%","19","20.151"
"b. 9-15","c. avance 40-70%","20","20.976"
"b. 9-15","c. avance 40-70%","21","21.717"
"b. 9-15","c. avance 40-70%","22","22.543"
"b. 9-15","c. avance 40-70%","23","23.383"
"b. 9-15","c. avance 40-70%","24","23.813"
"b. 9-15","c. avance 40-70%","25","24.269"
"b. 9-15","c. avance 40-70%","26","24.649"
"b. 9-15","c. avance 40-70%","27","25.217"
"b. 9-15","c. avance 40-70%","28","26.023"
"b. 9-15","c. avance 40-70%","29","26.316"
"b. 9-15","c. avance 40-70%","30","27.167"
"b. 9-15","c. avance 40-70%","31","27.537"
"b. 9-15","d. avance 70%+","1","6.13"
"b. 9-15","d. avance 70%+","2","9.726"
"b. 9-15","d. avance 70%+","3","13.977"
"b. 9-15","d. avance 70%+","4","16.044"
"b. 9-15","d. avance 70%+","5","19.974"
"b. 9-15","d. avance 70%+","6","22.311"
"b. 9-15","d. avance 70%+","7","25.269"
"b. 9-15","d. avance 70%+","8","26.72"
"b. 9-15","d. avance 70%+","9","28.029"
"b. 9-15","d. avance 70%+","10","28.102"
"b. 9-15","d. avance 70%+","11","29.285"
"b. 9-15","d. avance 70%+","12","29.89"
"b. 9-15","d. avance 70%+","13","31.328"
"b. 9-15","d. avance 70%+","14","34.082"
"b. 9-15","d. avance 70%+","15","36.406"
"b. 9-15","d. avance 70%+","16","38.042"
"b. 9-15","d. avance 70%+","17","39.465"
"b. 9-15","d. avance 70%+","18","40.321"
"b. 9-15","d. avance 70%+","19","41.618"
"b. 9-15","d. avance 70%+","20","44.197"
"b. 9-15","d. avance 70%+","21","44.77"
"b. 9-15","d. avance 70%+","22","46.593"
"b. 9-15","d. avance 70%+","23","47.78"
"b. 9-15","d. avance 70%+","24","50.368"
"b. 9-15","d. avance 70%+","25","51.223"
"b. 9-15","d. avance 70%+","26","51.768"
"b. 9-15","d. avance 70%+","27","52.746"
"b. 9-15","d. avance 70%+","28","53.867"
"b. 9-15","d. avance 70%+","29","54.081"
"b. 9-15","d. avance 70%+","30","55.076"
"b. 9-15","d. avance 70%+","31","56.388"
"c. 16-30","a. avance <10%","1","0.22"
"c. 16-30","a. avance <10%","2","0.362"
"c. 16-30","a. avance <10%","3","0.458"
"c. 16-30","a. avance <10%","4","0.586"
"c. 16-30","a. avance <10%","5","0.833"
"c. 16-30","a. avance <10%","6","0.952"
"c. 16-30","a. avance <10%","7","1.027"
"c. 16-30","a. avance <10%","8","1.137"
"c. 16-30","a. avance <10%","9","1.413"
"c. 16-30","a. avance <10%","10","1.51"
"c. 16-30","a. avance <10%","11","1.68"
"c. 16-30","a. avance <10%","12","1.74"
"c. 16-30","a. avance <10%","13","1.827"
"c. 16-30","a. avance <10%","14","1.894"
"c. 16-30","a. avance <10%","15","1.994"
"c. 16-30","a. avance <10%","16","2.081"
"c. 16-30","a. avance <10%","17","2.15"
"c. 16-30","a. avance <10%","18","2.253"
"c. 16-30","a. avance <10%","19","2.324"
"c. 16-30","a. avance <10%","20","2.362"
"c. 16-30","a. avance <10%","21","2.457"
"c. 16-30","a. avance <10%","22","2.505"
"c. 16-30","a. avance <10%","23","2.606"
"c. 16-30","a. avance <10%","24","2.647"
"c. 16-30","a. avance <10%","25","2.698"
"c. 16-30","a. avance <10%","26","2.758"
"c. 16-30","a. avance <10%","27","2.822"
"c. 16-30","a. avance <10%","28","2.83"
"c. 16-30","a. avance <10%","29","2.884"
"c. 16-30","a. avance <10%","30","2.942"
"c. 16-30","a. avance <10%","31","2.978"
"c. 16-30","b. avance 10-40%","1","0.477"
"c. 16-30","b. avance 10-40%","2","0.786"
"c. 16-30","b. avance 10-40%","3","1.124"
"c. 16-30","b. avance 10-40%","4","1.377"
"c. 16-30","b. avance 10-40%","5","1.763"
"c. 16-30","b. avance 10-40%","6","2.346"
"c. 16-30","b. avance 10-40%","7","2.536"
"c. 16-30","b. avance 10-40%","8","2.802"
"c. 16-30","b. avance 10-40%","9","2.992"
"c. 16-30","b. avance 10-40%","10","3.39"
"c. 16-30","b. avance 10-40%","11","3.721"
"c. 16-30","b. avance 10-40%","12","4.07"
"c. 16-30","b. avance 10-40%","13","4.252"
"c. 16-30","b. avance 10-40%","14","4.471"
"c. 16-30","b. avance 10-40%","15","4.704"
"c. 16-30","b. avance 10-40%","16","5.058"
"c. 16-30","b. avance 10-40%","17","5.332"
"c. 16-30","b. avance 10-40%","18","5.432"
"c. 16-30","b. avance 10-40%","19","5.649"
"c. 16-30","b. avance 10-40%","20","5.807"
"c. 16-30","b. avance 10-40%","21","5.995"
"c. 16-30","b. avance 10-40%","22","6.171"
"c. 16-30","b. avance 10-40%","23","6.264"
"c. 16-30","b. avance 10-40%","24","6.391"
"c. 16-30","b. avance 10-40%","25","7.014"
"c. 16-30","b. avance 10-40%","26","7.371"
"c. 16-30","b. avance 10-40%","27","7.505"
"c. 16-30","b. avance 10-40%","28","7.668"
"c. 16-30","b. avance 10-40%","29","7.773"
"c. 16-30","b. avance 10-40%","30","7.906"
"c. 16-30","b. avance 10-40%","31","8.014"
"c. 16-30","c. avance 40-70%","1","1.519"
"c. 16-30","c. avance 40-70%","2","3.209"
"c. 16-30","c. avance 40-70%","3","3.982"
"c. 16-30","c. avance 40-70%","4","5.097"
"c. 16-30","c. avance 40-70%","5","6.176"
"c. 16-30","c. avance 40-70%","6","6.89"
"c. 16-30","c. avance 40-70%","7","7.56"
"c. 16-30","c. avance 40-70%","8","8.177"
"c. 16-30","c. avance 40-70%","9","8.706"
"c. 16-30","c. avance 40-70%","10","9.054"
"c. 16-30","c. avance 40-70%","11","9.841"
"c. 16-30","c. avance 40-70%","12","10.478"
"c. 16-30","c. avance 40-70%","13","11.602"
"c. 16-30","c. avance 40-70%","14","12.178"
"c. 16-30","c. avance 40-70%","15","13.144"
"c. 16-30","c. avance 40-70%","16","13.811"
"c. 16-30","c. avance 40-70%","17","14.434"
"c. 16-30","c. avance 40-70%","18","14.843"
"c. 16-30","c. avance 40-70%","19","15.535"
"c. 16-30","c. avance 40-70%","20","15.892"
"c. 16-30","c. avance 40-70%","21","16.201"
"c. 16-30","c. avance 40-70%","22","16.509"
"c. 16-30","c. avance 40-70%","23","17.097"
"c. 16-30","c. avance 40-70%","24","17.913"
"c. 16-30","c. avance 40-70%","25","18.586"
"c. 16-30","c. avance 40-70%","26","18.798"
"c. 16-30","c. avance 40-70%","27","19.292"
"c. 16-30","c. avance 40-70%","28","19.848"
"c. 16-30","c. avance 40-70%","29","20.298"
"c. 16-30","c. avance 40-70%","30","20.691"
"c. 16-30","c. avance 40-70%","31","20.833"
"c. 16-30","d. avance 70%+","1","4.514"
"c. 16-30","d. avance 70%+","2","7.243"
"c. 16-30","d. avance 70%+","3","8.709"
"c. 16-30","d. avance 70%+","4","10.472"
"c. 16-30","d. avance 70%+","5","13.124"
"c. 16-30","d. avance 70%+","6","13.915"
"c. 16-30","d. avance 70%+","7","16.409"
"c. 16-30","d. avance 70%+","8","19.416"
"c. 16-30","d. avance 70%+","9","21.288"
"c. 16-30","d. avance 70%+","10","22.705"
"c. 16-30","d. avance 70%+","11","24.207"
"c. 16-30","d. avance 70%+","12","25.587"
"c. 16-30","d. avance 70%+","13","28.117"
"c. 16-30","d. avance 70%+","14","28.893"
"c. 16-30","d. avance 70%+","15","30.009"
"c. 16-30","d. avance 70%+","16","30.895"
"c. 16-30","d. avance 70%+","17","31.161"
"c. 16-30","d. avance 70%+","18","33.741"
"c. 16-30","d. avance 70%+","19","34.772"
"c. 16-30","d. avance 70%+","20","35.763"
"c. 16-30","d. avance 70%+","21","37.099"
"c. 16-30","d. avance 70%+","22","37.912"
"c. 16-30","d. avance 70%+","23","38.458"
"c. 16-30","d. avance 70%+","24","38.988"
"c. 16-30","d. avance 70%+","25","39.521"
"c. 16-30","d. avance 70%+","26","39.94"
"c. 16-30","d. avance 70%+","27","42.1"
"c. 16-30","d. avance 70%+","28","43.073"
"c. 16-30","d. avance 70%+","29","43.796"
"c. 16-30","d. avance 70%+","30","44.791"
"c. 16-30","d. avance 70%+","31","45.499"
