"id_ihfintech_loan","origen","saldo","fecha_entrada","fecha_salida","dias_hasta_pago"
"0700a82f-bcba-4292-84a9-94d90a920cac","a. stock","699.33",,"20260801","1"
"07e0e096-9f93-4914-828e-8e0415d56cf1","a. stock","2796.16",,"20260801","1"
"09632626-7dcf-4e5f-852b-e0a9602c924a","a. stock","193.84",,"20260801","1"
"0b848a87-07cc-46fb-84c3-54d37c896b9c","a. stock","921.72",,"20260801","1"
"14efef4a-f5c4-4652-8de9-f465b1ade38a","a. stock","842.67",,"20260801","1"
"17f800fa-125f-400b-8978-36b1bed8db4d","a. stock","1027.18",,"20260801","1"
"20626b35-a150-4fd3-926f-58db467f4cd3","a. stock","122.34",,"20260801","1"
"25ccdea9-b1d4-4f0b-875c-2a43700524a0","a. stock","1985.88",,"20260801","1"
"298b5a65-4493-4bd3-b3ba-986daf8c9959","a. stock","1261.18",,"20260801","1"
"2a964679-203b-440c-93ce-073e2baed5de","a. stock","208.16",,"20260801","1"
"2ae9eb76-6335-4b95-871b-67b11735eae3","a. stock","1358.12",,"20260801","1"
"3191a9e7-7873-46f0-809a-8fb58a959ac2","a. stock","334.89",,"20260801","1"
"373636f0-b2b7-4611-947a-eb0299be539f","a. stock","1108.64",,"20260801","1"
"3ba6fc34-4486-4143-940e-a2ab268c643c","a. stock","1347.4",,"20260801","1"
"3c20740c-7ada-45d4-bfbe-06a4643204fb","a. stock","1601.65",,"20260801","1"
"3dfe2d53-74c3-40f4-992b-a64307b8adb7","a. stock","178.96",,"20260801","1"
"432ee152-bbec-417d-a74d-41f917799170","a. stock","1216.13",,"20260801","1"
"4a91b1eb-abc9-478b-9bbb-a87470f5c19e","a. stock","533.33",,"20260801","1"
"4e5b0a90-650a-46cc-a367-1dd61d96a6c0","a. stock","2510.01",,"20260801","1"
"52918729-6106-4ca1-a85c-e8b81d46a17a","a. stock","210.15",,"20260801","1"
"61170184-115a-4e40-bb43-1e4a8b9b53e9","a. stock","104.0",,"20260801","1"
"635707d0-ecc2-491f-be28-f5b872bedfd6","a. stock","1264.5",,"20260801","1"
"6397d15f-11fc-4976-b304-c68b89da5149","a. stock","559.71",,"20260801","1"
"6a316a88-5df2-4a51-8d99-b4bdaa5e4612","a. stock","436.46",,"20260801","1"
"7090851b-1577-440e-8cb0-9891dee0034a","a. stock","291.75",,"20260801","1"
"710c480d-ffb6-4a44-b9e4-283625b1f643","a. stock","427.33",,"20260801","1"
"790ab994-1013-4218-b071-0849649a5990","a. stock","451.33",,"20260801","1"
"798dd44e-3ae4-494e-a2fa-93f297da4981","a. stock","212.9",,"20260801","1"
"7b7cfd91-8c3c-448b-b4e9-2b64c271bbaf","a. stock","1282.77",,"20260801","1"
"81d8d8a6-e040-41db-b5ea-3e770f51e471","a. stock","1581.0",,"20260801","1"
"83913454-3222-4b83-9b86-a94a2635a438","a. stock","456.83",,"20260821","21"
"8a47d924-c46a-49a8-87b5-44d9e6f11fd3","a. stock","420.93",,"20260801","1"
"98b72233-9e67-4b4d-98b3-564885483e71","a. stock","2081.93",,"20260801","1"
"9cc2aad8-f83d-4b3e-833d-2f3cac0dc899","a. stock","7317.54",,"20260801","1"
"a120a933-0f60-44ea-88af-6c86c4fab771","a. stock","1419.61",,"20260801","1"
"a14c5360-e8dd-4e96-9c3c-951edd97da9e","a. stock","207.63",,"20260801","1"
"a5f52891-00e6-406e-bbe9-c99f681eaf04","a. stock","104.29",,"20260801","1"
"ad1b6768-f782-43d1-8546-3012513378d4","a. stock","1917.1",,"20260801","1"
"b5225350-373f-44c0-b7ca-2d06e38e3ffd","a. stock","249.9",,"20260801","1"
"b7abc37c-23ad-44c4-8bd3-4a24f2ed80de","a. stock","1183.47",,"20260801","1"
"bd451e1c-e11b-495b-bb41-7b8564f40559","a. stock","124.16",,"20260801","1"
"c0db4338-359f-477c-b8ac-5c9e2bcd9706","a. stock","628.54",,"20260801","1"
"d64bba51-27a6-47e3-90ad-6c3d1f7a14b2","a. stock","137.77",,"20260801","1"
"d9aea08b-57dc-4245-8732-d7b10b361083","a. stock","1438.02",,"20260801","1"
"e290833a-406c-451a-a5a6-64ed0fc102d8","a. stock","819.41",,"20260801","1"
"f39073ae-4ace-4477-8e50-b8e172c1d9fb","a. stock","1137.91",,"20260801","1"
"f5e8cd80-da4e-44b4-a65f-56c394d04c77","a. stock","1575.86",,"20260801","1"
"f7344378-779b-4504-b287-83676ae76c04","a. stock","300.15",,"20260801","1"
"f8016809-2477-42ff-a15f-82b3796067dd","a. stock","1101.56",,"20260801","1"
"f9db19fb-308f-4eea-af3d-20b6f4623302","a. stock","1764.08",,"20260801","1"
"fa57726c-686f-4d43-93b2-eee61a758a58","a. stock","1087.77",,"20260801","1"
"00e76b89-bd76-48af-ae95-d1f5b3f7889f","b. nuevos","274.81","20260802","20260803","1"
"1217565b-b1d9-4c14-ad60-30317cd6ef88","b. nuevos","266.37","20260802","20260803","1"
"32bd79a8-6a29-4a6f-bc63-fc02ff99869e","b. nuevos","1023.83","20260802","20260803","1"
"f1fa1a03-bde3-4371-986e-549c2cad9a6a","b. nuevos","347.96","20260802","20260803","1"
"81deb50e-da5e-4083-9e5e-93fd58443f8d","b. nuevos","1352.62","20260806","20260807","1"
"0d6f02ba-3fa3-4716-99c4-15f3117ef231","b. nuevos","1458.54","20260809","20260810","1"
"3a54aca5-7b42-48c5-a655-21b5f1e1d8c0","b. nuevos","1164.04","20260809","20260810","1"
"68fdc66c-cc02-4ea3-9034-897f2d25c715","b. nuevos","4282.04","20260809","20260810","1"
"ab2771a6-7155-41c8-a691-426c5a4d2293","b. nuevos","2696.96","20260809","20260810","1"
"d07da83d-6614-466c-93b1-646b1f4e60c8","b. nuevos","1545.81","20260809","20260810","1"
"e803470a-8c4c-46c4-8e4a-ae675c111e4d","b. nuevos","397.57","20260809","20260810","1"
"1c176b4a-63ed-41db-bc74-53faa4e9cc5f","b. nuevos","1154.05","20260816","20260817","1"
"261a1c89-7697-4358-ab96-5dcbf4edf56d","b. nuevos","1319.77","20260816","20260817","1"
"5a5f40a7-caed-4823-a997-db13dd0b959e","b. nuevos","431.77","20260816","20260817","1"
"5a870f48-252e-4b2d-bdb4-989bbe48b904","b. nuevos","7040.33","20260816","20260817","1"
"81e547d4-5783-4bca-9463-353207d4987d","b. nuevos","153.55","20260816","20260817","1"
"b32e6911-6391-4418-8a92-d7496206fe93","b. nuevos","1561.25","20260816","20260817","1"
"d585e8ee-55b7-4ada-88b0-a861d080e9fd","b. nuevos","1323.39","20260816","20260817","1"
"e4933ef7-a645-4e9e-ad24-a7a39febed70","b. nuevos","152.07","20260816","20260817","1"
"00f2b3ab-79dd-47fd-9bb4-7bb039fd83b9","b. nuevos","378.81","20260823",,
"0159adb9-1ddb-47d6-b664-cae32eb8768a","b. nuevos","936.53","20260823",,
"022af740-5814-4268-8bf7-0a2a33b9a6d5","b. nuevos","1163.26","20260823",,
"037b2367-7dcc-4a5d-bab0-1af529ab4a2a","b. nuevos","475.52","20260823",,
"03d5bee1-8fe0-4306-948b-f34ffcff343d","b. nuevos","1979.8","20260823",,
"03ee8e5c-97fc-4478-88f5-b43701cb8e23","b. nuevos","1292.04","20260823",,
"052def56-6642-40ea-94b1-7b5df526b6fd","b. nuevos","3254.37","20260823",,
"06458bfe-b784-4aa8-859a-31c83e1af01e","b. nuevos","5350.86","20260823",,
"06693e1d-9a2c-459f-bb92-b32c97374c60","b. nuevos","1858.92","20260823",,
"087e7e34-6af5-4c8e-9e24-a513265dbf55","b. nuevos","389.9","20260823",,
"08d54a8f-95b4-4169-b6c8-8844d2d36632","b. nuevos","312.9","20260823",,
"08f07abc-454e-4e00-bc9f-630f6eed9e0f","b. nuevos","409.4","20260823",,
"0907ba0f-5800-457d-bd64-cac84928fd37","b. nuevos","2127.15","20260823",,
"0b34dac8-af8e-4e75-b2f8-0ab9a0c634a9","b. nuevos","832.12","20260823",,
"0e4af84a-0b78-4383-a33d-9bd062813df1","b. nuevos","334.85","20260823",,
"0ec48ce2-4d99-4e39-a010-89c3db32b958","b. nuevos","951.06","20260823",,
"0f1b35d8-b7c9-4cd0-9561-ec03ffca8141","b. nuevos","1635.76","20260823",,
"0ff6b955-e745-4039-9027-3257d342fb69","b. nuevos","462.72","20260823",,
"126e5303-c02d-47e2-bc49-167a99cdd3d2","b. nuevos","464.59","20260823",,
"1296fcd9-c244-49db-afff-a8485a703d4e","b. nuevos","683.91","20260823",,
"13eebec9-2c80-496d-8e87-f2c35e3e94e1","b. nuevos","590.26","20260823",,
"1415b64a-5cc1-412b-960a-d21ae72b4f96","b. nuevos","2170.57","20260823",,
"15f06b38-2cc6-49d6-8942-0272c6ce5c3f","b. nuevos","664.58","20260823",,
"1732c16f-e081-4f88-b55e-dd09621fc0e3","b. nuevos","2166.95","20260823",,
"1825b1ee-a93c-4b93-bf0c-a39a97ea7672","b. nuevos","2096.87","20260823",,
"1bf211fd-ca13-43aa-8780-5eee4db3a4fa","b. nuevos","2105.0","20260823",,
"1c7ff80f-d9b7-43cd-b774-87586c2f7cf8","b. nuevos","729.06","20260823",,
"1ea4c8c2-648f-4b27-9b08-d032aa087719","b. nuevos","4192.55","20260823",,
"1ee90cca-8858-4ab9-ba1b-8459090b465a","b. nuevos","535.42","20260823",,
"1f8780ad-1f54-4c97-8108-9b5d0d8a3ace","b. nuevos","1724.48","20260823",,
"21603573-b994-494a-b69e-7236b00fe9f4","b. nuevos","815.33","20260823",,
"22afd79f-d099-4838-8aa7-1f9869a3ed8a","b. nuevos","816.53","20260823",,
"23faaaa0-0094-4d02-9cdc-7df3a08d6d8a","b. nuevos","646.85","20260823",,
"266cbb76-f7b4-4484-a12f-45007ef23006","b. nuevos","315.74","20260823",,
"27b4da24-2e92-4f2e-9aa1-6140de1dbb7b","b. nuevos","489.77","20260823",,
"29adbf70-ea0d-49ba-9ead-96e65347f31d","b. nuevos","286.52","20260823",,
"2adc4233-062d-4519-808e-6fb1db992dc4","b. nuevos","1600.47","20260823",,
"2bcd5e0a-ef4e-4278-afc4-c8993c6f791b","b. nuevos","782.67","20260823",,
"2dc184fd-5356-4472-ac8f-c9a726c54768","b. nuevos","7172.74","20260823",,
"2e207fb5-6fe0-4b61-86b8-abac58b64a45","b. nuevos","1035.64","20260823",,
"2e631630-db57-4a49-907d-390b564ca952","b. nuevos","911.9","20260823",,
"30d8e374-7eb6-425f-9d8d-5e2a61752548","b. nuevos","1115.07","20260823",,
"323ba784-76e0-4464-a91b-82616001afe5","b. nuevos","3126.07","20260823",,
"35fa4f5d-56c6-4f6f-bc62-c4e0ea74fc07","b. nuevos","1415.6","20260823",,
"3719d7e6-2dc7-4555-882a-89a9fb1f6a7e","b. nuevos","1070.11","20260823",,
"37e7256c-cea1-4146-96ab-58a1a7804eb0","b. nuevos","3662.4","20260823",,
"39c8a1c3-7fac-4128-a2df-d5f63cf2b716","b. nuevos","470.11","20260823",,
"3a112268-9fd5-4d3c-87b0-01481c09268d","b. nuevos","86.58","20260823",,
"3b61ac2a-5b62-4b67-9150-ddcfa30c46d0","b. nuevos","676.52","20260823",,
"3dfcdc30-2ba0-49f0-9edb-ce213e431a20","b. nuevos","1280.64","20260823",,
"3f562638-3ac4-479e-89ff-42486e1b4a06","b. nuevos","652.78","20260823",,
"3f912c31-4261-4421-9815-ce83445a0be6","b. nuevos","1205.25","20260823",,
"42f4f219-39a6-40e5-92aa-c305d873ae10","b. nuevos","3563.92","20260823",,
"438735ee-cd1a-483d-8a29-4cde955b3ca1","b. nuevos","743.36","20260823",,
"44deda1e-73fd-4f7a-96e9-a71fb39d5cb1","b. nuevos","805.56","20260823",,
"47f65035-8bac-4fa3-bd41-e1bf1e044694","b. nuevos","3174.64","20260823",,
"4801682c-2da5-4403-b278-ce92012caab6","b. nuevos","2736.81","20260823",,
"48fc2dcb-2789-4238-a1fd-24bd04a4ac69","b. nuevos","603.84","20260823",,
"49d1fdca-86f8-42c1-bdca-db36b66a3959","b. nuevos","2812.67","20260823",,
"4b6faa88-7208-4f32-ab90-5e744ebf050f","b. nuevos","702.56","20260823",,
"4bde1777-47f7-4f62-9134-595ca5a1a101","b. nuevos","213.55","20260823",,
"4de3a120-3612-4587-8408-e0a36348e1d0","b. nuevos","396.74","20260823",,
"4f1d1aa5-8d51-4215-a2dd-95c0d4134b4d","b. nuevos","2018.08","20260823",,
"4fb05786-a1fb-4263-9ee0-d87220de5f76","b. nuevos","499.44","20260823",,
"4fe82fbb-c07b-4188-b8e1-6ab65e011a84","b. nuevos","308.87","20260823",,
"4febb87c-5762-4379-a68a-2ddd5aa3e524","b. nuevos","830.47","20260823",,
"5187628d-9019-4a46-bcd0-f6620253a9fe","b. nuevos","1121.3","20260823",,
"5269182a-cf65-499c-9464-07d81820b95a","b. nuevos","1297.19","20260823",,
"54eb1002-ae30-4673-98e6-f7625bf3b92f","b. nuevos","484.03","20260823",,
"59c3ebde-1052-457f-a1c9-0a5373198944","b. nuevos","1139.26","20260823",,
"5a2040a8-9cb4-47c8-93a6-d77f1b39908f","b. nuevos","570.53","20260823",,
"5a260df5-7496-493f-8371-38809542b274","b. nuevos","1839.12","20260823",,
"5c5f9597-314e-4152-a1af-b0978fe372c2","b. nuevos","1633.36","20260823",,
"5cc2c061-7d56-468c-b709-ee4abb71b0fd","b. nuevos","3572.59","20260823",,
"5d659172-a749-489d-87c4-a93a759cab5b","b. nuevos","2017.03","20260823",,
"5e154f4e-bc4b-4963-8b65-49b01fdc1936","b. nuevos","951.19","20260823",,
"5e3fff34-f3a9-4a8f-a754-1929751fbc4c","b. nuevos","317.84","20260823",,
"5e42b77c-6f67-4ac9-80f2-b72a427e9118","b. nuevos","1367.8","20260823",,
"5faaf898-6135-43bf-8fb8-8ff35a12300e","b. nuevos","1005.02","20260823",,
"60cc8108-8539-44af-978a-46c17ee7a49f","b. nuevos","1408.86","20260823",,
"62d9f4ec-197b-4047-9792-0c0913a69ab8","b. nuevos","409.13","20260823",,
"6336688d-6868-43f3-8ce4-63e5c06d4dd3","b. nuevos","211.9","20260823",,
"636501fc-70d9-4fe1-8fc5-9431cec4e7b5","b. nuevos","256.24","20260823",,
"64431537-139e-46c7-887e-de90f4d25a34","b. nuevos","1068.05","20260823",,
"66219ac6-4631-405d-8588-08db8450fe55","b. nuevos","1754.52","20260823",,
"67249721-b33c-4b7c-974a-fb21cc9b29e0","b. nuevos","12791.32","20260823",,
"68fed0ce-2092-46b3-a90d-05a0e0eec616","b. nuevos","1670.52","20260823",,
"6a5b06de-038e-4304-b475-3cf108e415c1","b. nuevos","6085.92","20260823",,
"6a990939-131e-414d-9992-3aec1a8526b3","b. nuevos","1074.87","20260823",,
"6b0a1f44-4ee0-4f30-93f3-9d4434295b7a","b. nuevos","2158.23","20260823",,
"6b4b0f7c-a891-4961-9233-7c6cfa46aa97","b. nuevos","1029.37","20260823",,
"70226cd4-8811-4d27-9f9b-ab614f31d4a9","b. nuevos","1347.34","20260823",,
"715ee334-2628-45a9-8d40-f5c02ac3f60b","b. nuevos","3120.51","20260823",,
"71e93fca-b235-4e9d-a623-811b5419270c","b. nuevos","302.8","20260823",,
"71f84bc2-b8c5-4be9-8b94-976144c8ecee","b. nuevos","1074.02","20260823",,
"72b84065-aa6e-46e6-8b5f-e87c3be93821","b. nuevos","1843.2","20260823",,
"72d53d92-0b0d-44e9-b686-1c908b6faa12","b. nuevos","757.92","20260823",,
"72fdad0e-0b60-4b26-84c4-c79fab726dd7","b. nuevos","1307.1","20260823",,
"7427c620-5ccc-486f-a267-1009b6d3686a","b. nuevos","453.72","20260823",,
"7439af0e-f275-45ef-9a15-8c8dfd0fe603","b. nuevos","3094.94","20260823",,
"75a4454f-d8e7-4756-a613-7e1573e7a582","b. nuevos","1560.0","20260823",,
"75b7bf14-31e3-4ebf-bbc6-5ba653ff3d77","b. nuevos","1282.61","20260823",,
"75eff44b-9823-497c-a2c9-63129175ebe6","b. nuevos","59.34","20260823",,
"761a6445-ba11-4657-9d40-5339db0187a5","b. nuevos","1904.89","20260823",,
"769cc01a-10f9-4b07-972b-c6f2ecb6398b","b. nuevos","1633.3","20260823",,
"76d0e5af-2cc0-4815-8394-82c3f21f2c9c","b. nuevos","2713.18","20260823",,
"778863a3-655a-4f61-a85c-64bfdb161547","b. nuevos","3208.73","20260823",,
"77a54d4b-1672-4d12-a5c4-8a6af403e683","b. nuevos","916.91","20260823",,
"787f5d5d-c0ca-4a5d-9301-f7333c708575","b. nuevos","495.47","20260823",,
"791ed0c2-dfe6-49b7-b493-abbf4e8e1274","b. nuevos","412.01","20260823",,
"7969400d-bb2a-4af3-a564-6df16284357b","b. nuevos","201.63","20260823",,
"79d36f42-f4a6-4292-9cb6-fc220e67f67e","b. nuevos","1578.61","20260823",,
"79deb2d4-4547-47ae-b8a0-345685dffa89","b. nuevos","1040.26","20260823",,
"7a0c1e1f-1430-403b-9c6b-92e243eee49c","b. nuevos","883.96","20260823",,
"7a74e11f-4139-4a1c-85e4-c96382e3f3a0","b. nuevos","551.15","20260823",,
"7ea76bbd-ab18-4c8b-96c5-8d21cf053664","b. nuevos","2657.5","20260823",,
"7ec1ac85-1162-422c-9f88-95095286a3cf","b. nuevos","5263.93","20260823",,
"801b2f28-8e2b-4429-bca3-213fa52df788","b. nuevos","807.49","20260823",,
"80a692af-9615-47b0-95ea-d47ed7b82eec","b. nuevos","3713.24","20260823",,
"82bb4071-370b-499c-bc3d-1e1978a6fab4","b. nuevos","562.84","20260823",,
"8381e752-b9be-4ebd-93cb-b7ca89d5b625","b. nuevos","2151.49","20260823",,
"84b27f5b-0f13-493c-a3b9-74ae204cfed5","b. nuevos","1564.71","20260823",,
"856d15d3-2d4f-4b1c-8f97-35cfc65a4776","b. nuevos","495.1","20260823",,
"85b18d5e-79bc-448f-ad3e-e2acf453bbe0","b. nuevos","511.86","20260823",,
"860bcd0c-58e6-4716-a29d-68ccc1254ce6","b. nuevos","1771.4","20260823",,
"879be24e-f4bd-49fd-aec8-1beccf032047","b. nuevos","447.62","20260823",,
"88fe7993-893c-473d-8735-9401eb3615e9","b. nuevos","774.17","20260823",,
"8b080ce3-fdf3-4cb4-a295-815ad8417d2f","b. nuevos","399.17","20260823",,
"8b59a6ca-7cb9-40ab-8ef3-157e642cac6c","b. nuevos","387.26","20260823",,
"8bbc4e41-9717-4e39-8ce8-1cdc44d0e851","b. nuevos","490.75","20260823",,
"8bdbd136-ba36-4566-90ea-296e0fa54c2f","b. nuevos","608.21","20260823",,
"8c36957e-0b40-422f-a49c-b564f2cdd2dd","b. nuevos","1214.0","20260823",,
"8d7efa9d-f79c-4b3b-b212-0ab6469b457d","b. nuevos","1426.23","20260823",,
"8da5e22b-70f0-4b8b-abfe-36187004b305","b. nuevos","995.27","20260823",,
"8e639c5f-ec17-45f4-8b69-0b9761e57efb","b. nuevos","253.29","20260823",,
"8fe05807-31d0-4321-b32e-da008d2ddb92","b. nuevos","957.35","20260823",,
"8ffb79eb-fa7c-488f-8f99-26d334f339ec","b. nuevos","1938.99","20260823",,
"901846d1-701b-414c-807c-e6d1477d56d3","b. nuevos","808.96","20260823",,
"912acd50-1174-4d74-81a5-92aa151a876a","b. nuevos","466.51","20260823",,
"91d3c9dd-8a3c-47e7-a8ea-001a71b3f906","b. nuevos","933.92","20260823",,
"925300f4-a739-4d1f-a84c-de9c699929a4","b. nuevos","474.9","20260823",,
"92c0a462-4029-44d9-a769-45f478c6b335","b. nuevos","1505.92","20260823",,
"9831c269-5839-402a-ad8c-9e35624960cc","b. nuevos","270.06","20260823",,
"98bb7e2e-33be-4bbb-b7e3-85c5e4b60261","b. nuevos","988.08","20260823",,
"990c1bc7-97fa-4c8a-a973-6cf2b23cb78c","b. nuevos","163.28","20260823",,
"9b4dfceb-3658-4d00-8e17-c857c0d22f32","b. nuevos","1125.51","20260823",,
"9d32898a-e39d-4e36-a014-a2cc75846ce7","b. nuevos","142.9","20260823",,
"9d942126-bb94-4cde-af6f-3a91499db563","b. nuevos","502.26","20260823",,
"a5469b8c-263e-4981-b9d3-8f7e493dde85","b. nuevos","1450.91","20260823",,
"a62db1ec-5459-42be-9a88-2a53b915ef81","b. nuevos","757.84","20260823",,
"a7923b91-8c2a-4a99-a1d6-3d8bdc93c814","b. nuevos","786.49","20260823",,
"a86de689-790d-4fcd-bd57-7399725af1f9","b. nuevos","497.71","20260823",,
"a8cd172f-5034-4f30-b919-f3b262987718","b. nuevos","223.46","20260823",,
"a93f709e-06f9-4f90-a8c6-5d32737b71c4","b. nuevos","557.18","20260823",,
"aa2daba5-fa23-4d75-a15e-1e58d1f6886b","b. nuevos","2649.16","20260823",,
"ac2092e5-617b-44af-9647-677eaed162c5","b. nuevos","322.46","20260823",,
"ad0229c3-57dc-4658-a3bd-4b2c327f74aa","b. nuevos","118.8","20260823",,
"ad66eeab-aa37-41c2-a1c6-8db5d2dc4511","b. nuevos","1122.3","20260823",,
"add0ad65-3269-4f33-ae26-e05e56f5a497","b. nuevos","397.91","20260823",,
"ae660d19-9f04-4f5a-a86b-36721db63e5e","b. nuevos","2947.93","20260823",,
"aefc1fb9-2cd4-4f30-a04c-8f96d3a7af9b","b. nuevos","1131.83","20260823",,
"af372757-a1c9-499f-a790-a93b82d2b47a","b. nuevos","1244.3","20260823",,
"b12694e9-a4c7-4e08-aa44-41b6f68eec3b","b. nuevos","1698.15","20260823",,
"b24c38ca-333e-47d2-b0ec-d77a2b19bf04","b. nuevos","810.01","20260823",,
"b451ddd1-e306-4fcc-802e-d1f9ba6d8486","b. nuevos","542.56","20260823",,
"b5144e90-0b8f-4db3-98f3-03283f3b296d","b. nuevos","2156.78","20260823",,
"b6bb0eb5-133a-40bc-83c5-8b60c0839bad","b. nuevos","930.67","20260823",,
"b9a70995-97fc-4aa5-a96e-4ce24da9496c","b. nuevos","1635.03","20260823",,
"ba34fb7e-b225-420a-b4bb-9a03c097c57c","b. nuevos","2305.76","20260823",,
"ba3c8a0a-c7da-4c48-92fa-d9ba6137747b","b. nuevos","727.58","20260823",,
"ba886104-1aab-4046-aaab-40c298f97e71","b. nuevos","473.4","20260823",,
"bc7604a9-511a-438a-990d-70a5aad9c894","b. nuevos","1303.58","20260823",,
"c1b925c0-0407-49de-8519-0946a075864d","b. nuevos","1131.52","20260823",,
"c3285c38-cbf9-41f7-b304-d2182264f4b0","b. nuevos","545.65","20260823",,
"c3aa2f5c-a0bb-4010-908e-3a2ab663128e","b. nuevos","494.29","20260823",,
"c48cf7b0-6a27-4ff1-88e1-ad6a7ff3647b","b. nuevos","729.06","20260823",,
"c48f9b09-ec5f-4995-a48a-71334e940a6d","b. nuevos","715.18","20260823",,
"c4fbdcf6-c862-426b-a7ab-68aa56ad7ab7","b. nuevos","205.92","20260823",,
"c6355236-24c8-436e-8e66-b47261b8ecfd","b. nuevos","172.11","20260823",,
"c7754723-de39-469f-82d2-08edf85ceeb7","b. nuevos","380.21","20260823",,
"ca463434-afdd-49fd-8a58-a9398ef71cdc","b. nuevos","2457.6","20260823",,
"cbc3741d-f929-4707-bafe-d52bccf57d6a","b. nuevos","788.63","20260823",,
"ceec5a82-a20f-410a-9a23-51ef2b7e916c","b. nuevos","1745.49","20260823",,
"cf69897d-b586-4146-8321-c4bcc545bf38","b. nuevos","1448.74","20260823",,
"d035318c-4fc9-446b-8e15-4c6177f6595e","b. nuevos","1130.72","20260823",,
"d0f02795-8ce4-40aa-848a-5e9ebdba06ed","b. nuevos","1226.16","20260823",,
"d1851eec-f7a7-4b23-9243-dedd1f30e5a6","b. nuevos","519.51","20260823",,
"d1afb71c-677d-4871-aa98-6f63f21eae8f","b. nuevos","376.23","20260823",,
"d2c09c3f-88d5-41ae-b94e-2ca583220096","b. nuevos","1132.87","20260823",,
"d3cde602-6d58-4109-bfea-97ac45c9f90e","b. nuevos","608.84","20260823",,
"d4ae52ed-1a81-4557-98b7-9dbef4d0a0eb","b. nuevos","563.55","20260823",,
"d5fcfc3a-e25d-4c30-a373-df5157857c83","b. nuevos","1024.58","20260823",,
"d64ad7da-617e-4934-af9e-998f9576c85f","b. nuevos","1465.31","20260823",,
"d64e7f5a-3508-4509-be2d-4069829f5415","b. nuevos","1206.54","20260823",,
"d6bfbf50-ea78-4bef-b1b1-542e869813f2","b. nuevos","670.73","20260823",,
"d6feb2e0-de77-4762-8324-effc51c7036c","b. nuevos","3261.59","20260823",,
"d716e498-ee91-4482-b5a5-19ab52fa7645","b. nuevos","317.22","20260823",,
"d759375c-76c5-480f-adcb-53538b86cf8b","b. nuevos","142.9","20260823",,
"d900ce2d-0eb8-4f6c-9c60-5dcfc97162b5","b. nuevos","2341.44","20260823",,
"d95a4eba-bd01-4064-a2c2-9394d2ea5dce","b. nuevos","1187.13","20260823",,
"d9b6abcc-6639-4c8f-9125-c2fcb6d98f18","b. nuevos","468.15","20260823",,
"ddbb8eae-3a2d-4edd-b43d-ad5a498a93a9","b. nuevos","674.96","20260823",,
"ddc39480-0003-404b-9088-30ece13dca18","b. nuevos","476.69","20260823",,
"e0fb2ed2-9286-4bd7-904f-fd147d14425c","b. nuevos","718.28","20260823",,
"e10f6371-0706-4bff-81f8-0bf77d1474ce","b. nuevos","2877.41","20260823",,
"e21af1cd-19e3-4e8b-99bc-446b5cfdff6b","b. nuevos","1063.56","20260823",,
"e21c6c11-01a3-40d1-b205-89dbbf946ffe","b. nuevos","1531.5","20260823",,
"e24f5828-765a-4c87-b04f-f3c784fb0bd6","b. nuevos","247.04","20260823",,
"e2ad936a-37c2-419e-8b40-14734f8e02b1","b. nuevos","9364.23","20260823",,
"e2b2f2da-4341-4f6a-ac40-971564c28e65","b. nuevos","1144.93","20260823",,
"e35c012e-1c7c-4bbc-8c19-da34dfa718af","b. nuevos","520.1","20260823",,
"e6b39658-7f69-461e-8b4c-1aa4794cfcdf","b. nuevos","1072.41","20260823",,
"e6de9bca-2d91-45f2-8989-77d59851a309","b. nuevos","3593.9","20260823",,
"e75d58ed-70d0-48f0-9047-d8e16874668f","b. nuevos","522.26","20260823",,
"e7e678ab-9106-46ab-a422-d839c79c3a1f","b. nuevos","2704.0","20260823",,
"e8304569-1c68-4fb4-954c-628f4a9321a7","b. nuevos","1098.84","20260823",,
"e8eec3f4-2466-4957-bfc1-35d52600633a","b. nuevos","229.47","20260823",,
"e90c380d-8093-47a5-a986-9d97f1aff9c9","b. nuevos","14981.73","20260823",,
"e9d0ab37-64c6-435f-8d7c-270323d786d1","b. nuevos","227.83","20260823",,
"edeb7f1f-2d13-4b20-af3a-25d326bcf21e","b. nuevos","280.9","20260823",,
"ee23c7a8-e7d6-4daa-b51c-48153f6c385f","b. nuevos","3394.97","20260823",,
"f1f7cf76-a983-4f40-bd0d-349d7f4e362b","b. nuevos","520.35","20260823",,
"f29036f6-3198-46db-9709-bad525b3259c","b. nuevos","925.97","20260823",,
"f5169596-b09c-4900-ab7b-65550db2d410","b. nuevos","762.01","20260823",,
"f6cd0d45-d0b9-4bf9-b019-f286945d7430","b. nuevos","1586.35","20260823",,
"faff1912-d7f8-4152-ac38-8db7e65a1aab","b. nuevos","95.63","20260823",,
"fb5d148e-6f48-439c-91b5-84d67cb0a1e5","b. nuevos","187.59","20260823",,
"fb70e14a-c8f3-4dbe-805f-eaadee601b23","b. nuevos","1729.29","20260823",,
"fc562e11-15da-4e42-93cd-85a705a91fba","b. nuevos","225.6","20260823",,
"fc9deb08-c718-4a0c-8991-005e148e9ed5","b. nuevos","5570.97","20260823",,
"fd527ae0-e3a5-4b80-aa5e-564ef015e915","b. nuevos","2606.73","20260823",,
"fe7a4267-dae4-4d6d-8df0-442ef8a958b5","b. nuevos","1742.29","20260823",,
