"tramo","avance_band","dia","pct_capital_asegurado_acum","saldo_total","creditos_total"
"a. 1-8","a. avance <10%","1","11.976","7931031.139999999","2923"
"a. 1-8","a. avance <10%","2","27.387","7931031.139999999","2923"
"a. 1-8","a. avance <10%","3","35.202","7931031.139999999","2923"
"a. 1-8","a. avance <10%","4","40.249","7931031.139999999","2923"
"a. 1-8","a. avance <10%","5","44.662","7931031.139999999","2923"
"a. 1-8","a. avance <10%","6","47.194","7931031.139999999","2923"
"a. 1-8","a. avance <10%","7","49.846","7931031.139999999","2923"
"a. 1-8","a. avance <10%","8","51.897","7931031.139999999","2923"
"a. 1-8","a. avance <10%","9","54.071","7931031.139999999","2923"
"a. 1-8","a. avance <10%","10","55.542","7931031.139999999","2923"
"a. 1-8","a. avance <10%","11","57.269","7931031.139999999","2923"
"a. 1-8","a. avance <10%","12","58.631","7931031.139999999","2923"
"a. 1-8","a. avance <10%","13","60.023","7931031.139999999","2923"
"a. 1-8","a. avance <10%","14","61.099","7931031.139999999","2923"
"a. 1-8","a. avance <10%","15","62.561","7931031.139999999","2923"
"a. 1-8","a. avance <10%","16","63.895","7931031.139999999","2923"
"a. 1-8","a. avance <10%","17","64.697","7931031.139999999","2923"
"a. 1-8","a. avance <10%","18","65.273","7931031.139999999","2923"
"a. 1-8","a. avance <10%","19","65.767","7931031.139999999","2923"
"a. 1-8","a. avance <10%","20","66.68","7931031.139999999","2923"
"a. 1-8","a. avance <10%","21","67.131","7931031.139999999","2923"
"a. 1-8","a. avance <10%","22","67.473","7931031.139999999","2923"
"a. 1-8","a. avance <10%","23","68.208","7931031.139999999","2923"
"a. 1-8","a. avance <10%","24","68.567","7931031.139999999","2923"
"a. 1-8","a. avance <10%","25","69.223","7931031.139999999","2923"
"a. 1-8","a. avance <10%","26","69.796","7931031.139999999","2923"
"a. 1-8","a. avance <10%","27","70.293","7931031.139999999","2923"
"a. 1-8","a. avance <10%","28","70.588","7931031.139999999","2923"
"a. 1-8","a. avance <10%","29","71.376","7931031.139999999","2923"
"a. 1-8","a. avance <10%","30","72.2","7931031.139999999","2923"
"a. 1-8","a. avance <10%","31","72.378","7931031.139999999","2923"
"a. 1-8","b. avance 10-40%","1","13.914","8915397.319999998","4416"
"a. 1-8","b. avance 10-40%","2","30.969","8915397.319999998","4416"
"a. 1-8","b. avance 10-40%","3","40.721","8915397.319999998","4416"
"a. 1-8","b. avance 10-40%","4","46.409","8915397.319999998","4416"
"a. 1-8","b. avance 10-40%","5","51.406","8915397.319999998","4416"
"a. 1-8","b. avance 10-40%","6","54.568","8915397.319999998","4416"
"a. 1-8","b. avance 10-40%","7","56.581","8915397.319999998","4416"
"a. 1-8","b. avance 10-40%","8","59.085","8915397.319999998","4416"
"a. 1-8","b. avance 10-40%","9","61.316","8915397.319999998","4416"
"a. 1-8","b. avance 10-40%","10","62.935","8915397.319999998","4416"
"a. 1-8","b. avance 10-40%","11","64.476","8915397.319999998","4416"
"a. 1-8","b. avance 10-40%","12","66.152","8915397.319999998","4416"
"a. 1-8","b. avance 10-40%","13","67.542","8915397.319999998","4416"
"a. 1-8","b. avance 10-40%","14","69.102","8915397.319999998","4416"
"a. 1-8","b. avance 10-40%","15","70.174","8915397.319999998","4416"
"a. 1-8","b. avance 10-40%","16","71.291","8915397.319999998","4416"
"a. 1-8","b. avance 10-40%","17","72.274","8915397.319999998","4416"
"a. 1-8","b. avance 10-40%","18","73.084","8915397.319999998","4416"
"a. 1-8","b. avance 10-40%","19","74.192","8915397.319999998","4416"
"a. 1-8","b. avance 10-40%","20","75.52","8915397.319999998","4416"
"a. 1-8","b. avance 10-40%","21","76.526","8915397.319999998","4416"
"a. 1-8","b. avance 10-40%","22","77.684","8915397.319999998","4416"
"a. 1-8","b. avance 10-40%","23","78.157","8915397.319999998","4416"
"a. 1-8","b. avance 10-40%","24","78.715","8915397.319999998","4416"
"a. 1-8","b. avance 10-40%","25","79.323","8915397.319999998","4416"
"a. 1-8","b. avance 10-40%","26","79.796","8915397.319999998","4416"
"a. 1-8","b. avance 10-40%","27","80.31","8915397.319999998","4416"
"a. 1-8","b. avance 10-40%","28","81.232","8915397.319999998","4416"
"a. 1-8","b. avance 10-40%","29","82.077","8915397.319999998","4416"
"a. 1-8","b. avance 10-40%","30","82.876","8915397.319999998","4416"
"a. 1-8","b. avance 10-40%","31","83.16","8915397.319999998","4416"
"a. 1-8","c. avance 40-70%","1","14.774","3148834.1899999995","3412"
"a. 1-8","c. avance 40-70%","2","32.944","3148834.1899999995","3412"
"a. 1-8","c. avance 40-70%","3","42.982","3148834.1899999995","3412"
"a. 1-8","c. avance 40-70%","4","48.111","3148834.1899999995","3412"
"a. 1-8","c. avance 40-70%","5","53.826","3148834.1899999995","3412"
"a. 1-8","c. avance 40-70%","6","58.013","3148834.1899999995","3412"
"a. 1-8","c. avance 40-70%","7","60.776","3148834.1899999995","3412"
"a. 1-8","c. avance 40-70%","8","62.902","3148834.1899999995","3412"
"a. 1-8","c. avance 40-70%","9","65.652","3148834.1899999995","3412"
"a. 1-8","c. avance 40-70%","10","67.562","3148834.1899999995","3412"
"a. 1-8","c. avance 40-70%","11","69.393","3148834.1899999995","3412"
"a. 1-8","c. avance 40-70%","12","70.88","3148834.1899999995","3412"
"a. 1-8","c. avance 40-70%","13","71.906","3148834.1899999995","3412"
"a. 1-8","c. avance 40-70%","14","73.056","3148834.1899999995","3412"
"a. 1-8","c. avance 40-70%","15","73.945","3148834.1899999995","3412"
"a. 1-8","c. avance 40-70%","16","74.651","3148834.1899999995","3412"
"a. 1-8","c. avance 40-70%","17","75.546","3148834.1899999995","3412"
"a. 1-8","c. avance 40-70%","18","76.18","3148834.1899999995","3412"
"a. 1-8","c. avance 40-70%","19","76.947","3148834.1899999995","3412"
"a. 1-8","c. avance 40-70%","20","78.644","3148834.1899999995","3412"
"a. 1-8","c. avance 40-70%","21","79.153","3148834.1899999995","3412"
"a. 1-8","c. avance 40-70%","22","79.798","3148834.1899999995","3412"
"a. 1-8","c. avance 40-70%","23","80.762","3148834.1899999995","3412"
"a. 1-8","c. avance 40-70%","24","81.778","3148834.1899999995","3412"
"a. 1-8","c. avance 40-70%","25","82.432","3148834.1899999995","3412"
"a. 1-8","c. avance 40-70%","26","82.949","3148834.1899999995","3412"
"a. 1-8","c. avance 40-70%","27","83.874","3148834.1899999995","3412"
"a. 1-8","c. avance 40-70%","28","84.519","3148834.1899999995","3412"
"a. 1-8","c. avance 40-70%","29","85.659","3148834.1899999995","3412"
"a. 1-8","c. avance 40-70%","30","86.121","3148834.1899999995","3412"
"a. 1-8","c. avance 40-70%","31","86.453","3148834.1899999995","3412"
"a. 1-8","d. avance 70%+","1","13.39","511355.1399999997","1231"
"a. 1-8","d. avance 70%+","2","30.209","511355.1399999997","1231"
"a. 1-8","d. avance 70%+","3","40.324","511355.1399999997","1231"
"a. 1-8","d. avance 70%+","4","45.953","511355.1399999997","1231"
"a. 1-8","d. avance 70%+","5","49.774","511355.1399999997","1231"
"a. 1-8","d. avance 70%+","6","54.53","511355.1399999997","1231"
"a. 1-8","d. avance 70%+","7","57.199","511355.1399999997","1231"
"a. 1-8","d. avance 70%+","8","60.787","511355.1399999997","1231"
"a. 1-8","d. avance 70%+","9","64.401","511355.1399999997","1231"
"a. 1-8","d. avance 70%+","10","67.112","511355.1399999997","1231"
"a. 1-8","d. avance 70%+","11","70.691","511355.1399999997","1231"
"a. 1-8","d. avance 70%+","12","73.509","511355.1399999997","1231"
"a. 1-8","d. avance 70%+","13","75.262","511355.1399999997","1231"
"a. 1-8","d. avance 70%+","14","76.804","511355.1399999997","1231"
"a. 1-8","d. avance 70%+","15","78.137","511355.1399999997","1231"
"a. 1-8","d. avance 70%+","16","79.087","511355.1399999997","1231"
"a. 1-8","d. avance 70%+","17","80.455","511355.1399999997","1231"
"a. 1-8","d. avance 70%+","18","81.34","511355.1399999997","1231"
"a. 1-8","d. avance 70%+","19","82.154","511355.1399999997","1231"
"a. 1-8","d. avance 70%+","20","83.267","511355.1399999997","1231"
"a. 1-8","d. avance 70%+","21","85.019","511355.1399999997","1231"
"a. 1-8","d. avance 70%+","22","85.428","511355.1399999997","1231"
"a. 1-8","d. avance 70%+","23","86.826","511355.1399999997","1231"
"a. 1-8","d. avance 70%+","24","88.292","511355.1399999997","1231"
"a. 1-8","d. avance 70%+","25","88.671","511355.1399999997","1231"
"a. 1-8","d. avance 70%+","26","89.107","511355.1399999997","1231"
"a. 1-8","d. avance 70%+","27","89.788","511355.1399999997","1231"
"a. 1-8","d. avance 70%+","28","90.689","511355.1399999997","1231"
"a. 1-8","d. avance 70%+","29","91.701","511355.1399999997","1231"
"a. 1-8","d. avance 70%+","30","91.946","511355.1399999997","1231"
"a. 1-8","d. avance 70%+","31","92.026","511355.1399999997","1231"
"b. 9-15","a. avance <10%","1","5.449","1798951.1799999988","665"
"b. 9-15","a. avance <10%","2","10.106","1798951.1799999988","665"
"b. 9-15","a. avance <10%","3","13.389","1798951.1799999988","665"
"b. 9-15","a. avance <10%","4","15.343","1798951.1799999988","665"
"b. 9-15","a. avance <10%","5","18.916","1798951.1799999988","665"
"b. 9-15","a. avance <10%","6","20.586","1798951.1799999988","665"
"b. 9-15","a. avance <10%","7","21.745","1798951.1799999988","665"
"b. 9-15","a. avance <10%","8","24.139","1798951.1799999988","665"
"b. 9-15","a. avance <10%","9","24.808","1798951.1799999988","665"
"b. 9-15","a. avance <10%","10","26.781","1798951.1799999988","665"
"b. 9-15","a. avance <10%","11","28.116","1798951.1799999988","665"
"b. 9-15","a. avance <10%","12","29.019","1798951.1799999988","665"
"b. 9-15","a. avance <10%","13","30.081","1798951.1799999988","665"
"b. 9-15","a. avance <10%","14","30.604","1798951.1799999988","665"
"b. 9-15","a. avance <10%","15","32.031","1798951.1799999988","665"
"b. 9-15","a. avance <10%","16","33.168","1798951.1799999988","665"
"b. 9-15","a. avance <10%","17","34.747","1798951.1799999988","665"
"b. 9-15","a. avance <10%","18","36.367","1798951.1799999988","665"
"b. 9-15","a. avance <10%","19","37.915","1798951.1799999988","665"
"b. 9-15","a. avance <10%","20","39.258","1798951.1799999988","665"
"b. 9-15","a. avance <10%","21","39.835","1798951.1799999988","665"
"b. 9-15","a. avance <10%","22","40.292","1798951.1799999988","665"
"b. 9-15","a. avance <10%","23","40.665","1798951.1799999988","665"
"b. 9-15","a. avance <10%","24","41.119","1798951.1799999988","665"
"b. 9-15","a. avance <10%","25","41.413","1798951.1799999988","665"
"b. 9-15","a. avance <10%","26","41.7","1798951.1799999988","665"
"b. 9-15","a. avance <10%","27","41.841","1798951.1799999988","665"
"b. 9-15","a. avance <10%","28","42.058","1798951.1799999988","665"
"b. 9-15","a. avance <10%","29","42.798","1798951.1799999988","665"
"b. 9-15","a. avance <10%","30","43.046","1798951.1799999988","665"
"b. 9-15","a. avance <10%","31","43.824","1798951.1799999988","665"
"b. 9-15","b. avance 10-40%","1","6.635","1699498.5299999996","872"
"b. 9-15","b. avance 10-40%","2","12.181","1699498.5299999996","872"
"b. 9-15","b. avance 10-40%","3","16.442","1699498.5299999996","872"
"b. 9-15","b. avance 10-40%","4","19.377","1699498.5299999996","872"
"b. 9-15","b. avance 10-40%","5","22.653","1699498.5299999996","872"
"b. 9-15","b. avance 10-40%","6","26.393","1699498.5299999996","872"
"b. 9-15","b. avance 10-40%","7","27.627","1699498.5299999996","872"
"b. 9-15","b. avance 10-40%","8","29.055","1699498.5299999996","872"
"b. 9-15","b. avance 10-40%","9","30.552","1699498.5299999996","872"
"b. 9-15","b. avance 10-40%","10","32.474","1699498.5299999996","872"
"b. 9-15","b. avance 10-40%","11","34.549","1699498.5299999996","872"
"b. 9-15","b. avance 10-40%","12","35.497","1699498.5299999996","872"
"b. 9-15","b. avance 10-40%","13","36.872","1699498.5299999996","872"
"b. 9-15","b. avance 10-40%","14","38.797","1699498.5299999996","872"
"b. 9-15","b. avance 10-40%","15","41.488","1699498.5299999996","872"
"b. 9-15","b. avance 10-40%","16","43.153","1699498.5299999996","872"
"b. 9-15","b. avance 10-40%","17","44.855","1699498.5299999996","872"
"b. 9-15","b. avance 10-40%","18","45.325","1699498.5299999996","872"
"b. 9-15","b. avance 10-40%","19","46.428","1699498.5299999996","872"
"b. 9-15","b. avance 10-40%","20","47.217","1699498.5299999996","872"
"b. 9-15","b. avance 10-40%","21","49.252","1699498.5299999996","872"
"b. 9-15","b. avance 10-40%","22","49.89","1699498.5299999996","872"
"b. 9-15","b. avance 10-40%","23","51.994","1699498.5299999996","872"
"b. 9-15","b. avance 10-40%","24","53.01","1699498.5299999996","872"
"b. 9-15","b. avance 10-40%","25","54.099","1699498.5299999996","872"
"b. 9-15","b. avance 10-40%","26","54.967","1699498.5299999996","872"
"b. 9-15","b. avance 10-40%","27","55.453","1699498.5299999996","872"
"b. 9-15","b. avance 10-40%","28","55.607","1699498.5299999996","872"
"b. 9-15","b. avance 10-40%","29","56.578","1699498.5299999996","872"
"b. 9-15","b. avance 10-40%","30","56.951","1699498.5299999996","872"
"b. 9-15","b. avance 10-40%","31","57.34","1699498.5299999996","872"
"b. 9-15","c. avance 40-70%","1","9.719","523395.9400000002","588"
"b. 9-15","c. avance 40-70%","2","15.409","523395.9400000002","588"
"b. 9-15","c. avance 40-70%","3","20.692","523395.9400000002","588"
"b. 9-15","c. avance 40-70%","4","22.972","523395.9400000002","588"
"b. 9-15","c. avance 40-70%","5","27.997","523395.9400000002","588"
"b. 9-15","c. avance 40-70%","6","32.326","523395.9400000002","588"
"b. 9-15","c. avance 40-70%","7","34.033","523395.9400000002","588"
"b. 9-15","c. avance 40-70%","8","37.914","523395.9400000002","588"
"b. 9-15","c. avance 40-70%","9","41.521","523395.9400000002","588"
"b. 9-15","c. avance 40-70%","10","42.218","523395.9400000002","588"
"b. 9-15","c. avance 40-70%","11","44.108","523395.9400000002","588"
"b. 9-15","c. avance 40-70%","12","45.112","523395.9400000002","588"
"b. 9-15","c. avance 40-70%","13","47.71","523395.9400000002","588"
"b. 9-15","c. avance 40-70%","14","50.644","523395.9400000002","588"
"b. 9-15","c. avance 40-70%","15","51.769","523395.9400000002","588"
"b. 9-15","c. avance 40-70%","16","53.197","523395.9400000002","588"
"b. 9-15","c. avance 40-70%","17","54.868","523395.9400000002","588"
"b. 9-15","c. avance 40-70%","18","57.166","523395.9400000002","588"
"b. 9-15","c. avance 40-70%","19","57.762","523395.9400000002","588"
"b. 9-15","c. avance 40-70%","20","58.178","523395.9400000002","588"
"b. 9-15","c. avance 40-70%","21","58.738","523395.9400000002","588"
"b. 9-15","c. avance 40-70%","22","59.993","523395.9400000002","588"
"b. 9-15","c. avance 40-70%","23","61.768","523395.9400000002","588"
"b. 9-15","c. avance 40-70%","24","62.262","523395.9400000002","588"
"b. 9-15","c. avance 40-70%","25","63.077","523395.9400000002","588"
"b. 9-15","c. avance 40-70%","26","63.769","523395.9400000002","588"
"b. 9-15","c. avance 40-70%","28","64.77","523395.9400000002","588"
"b. 9-15","c. avance 40-70%","30","64.938","523395.9400000002","588"
"b. 9-15","c. avance 40-70%","31","65.063","523395.9400000002","588"
"b. 9-15","d. avance 70%+","1","12.08","82454.41","209"
"b. 9-15","d. avance 70%+","2","18.576","82454.41","209"
"b. 9-15","d. avance 70%+","3","25.39","82454.41","209"
"b. 9-15","d. avance 70%+","4","27.842","82454.41","209"
"b. 9-15","d. avance 70%+","5","33.274","82454.41","209"
"b. 9-15","d. avance 70%+","6","36.234","82454.41","209"
"b. 9-15","d. avance 70%+","7","41.271","82454.41","209"
"b. 9-15","d. avance 70%+","8","43.739","82454.41","209"
"b. 9-15","d. avance 70%+","9","46.069","82454.41","209"
"b. 9-15","d. avance 70%+","10","46.365","82454.41","209"
"b. 9-15","d. avance 70%+","11","47.406","82454.41","209"
"b. 9-15","d. avance 70%+","12","47.754","82454.41","209"
"b. 9-15","d. avance 70%+","13","49.256","82454.41","209"
"b. 9-15","d. avance 70%+","14","52.875","82454.41","209"
"b. 9-15","d. avance 70%+","15","54.818","82454.41","209"
"b. 9-15","d. avance 70%+","16","56.178","82454.41","209"
"b. 9-15","d. avance 70%+","17","57.765","82454.41","209"
"b. 9-15","d. avance 70%+","18","59.525","82454.41","209"
"b. 9-15","d. avance 70%+","19","60.613","82454.41","209"
"b. 9-15","d. avance 70%+","20","63.315","82454.41","209"
"b. 9-15","d. avance 70%+","21","64.162","82454.41","209"
"b. 9-15","d. avance 70%+","22","69.076","82454.41","209"
"b. 9-15","d. avance 70%+","23","70.057","82454.41","209"
"b. 9-15","d. avance 70%+","24","71.52","82454.41","209"
"b. 9-15","d. avance 70%+","25","72.526","82454.41","209"
"b. 9-15","d. avance 70%+","26","72.695","82454.41","209"
"b. 9-15","d. avance 70%+","27","73.825","82454.41","209"
"b. 9-15","d. avance 70%+","28","75.075","82454.41","209"
"b. 9-15","d. avance 70%+","29","75.161","82454.41","209"
"b. 9-15","d. avance 70%+","30","75.484","82454.41","209"
"b. 9-15","d. avance 70%+","31","76.016","82454.41","209"
"c. 16-30","a. avance <10%","1","2.867","3438242.6099999994","1125"
"c. 16-30","a. avance <10%","2","5.112","3438242.6099999994","1125"
"c. 16-30","a. avance <10%","3","6.393","3438242.6099999994","1125"
"c. 16-30","a. avance <10%","4","7.562","3438242.6099999994","1125"
"c. 16-30","a. avance <10%","5","9.529","3438242.6099999994","1125"
"c. 16-30","a. avance <10%","6","10.038","3438242.6099999994","1125"
"c. 16-30","a. avance <10%","7","10.494","3438242.6099999994","1125"
"c. 16-30","a. avance <10%","8","11.451","3438242.6099999994","1125"
"c. 16-30","a. avance <10%","9","12.334","3438242.6099999994","1125"
"c. 16-30","a. avance <10%","10","13.685","3438242.6099999994","1125"
"c. 16-30","a. avance <10%","11","14.293","3438242.6099999994","1125"
"c. 16-30","a. avance <10%","12","14.81","3438242.6099999994","1125"
"c. 16-30","a. avance <10%","13","15.278","3438242.6099999994","1125"
"c. 16-30","a. avance <10%","14","15.923","3438242.6099999994","1125"
"c. 16-30","a. avance <10%","15","16.521","3438242.6099999994","1125"
"c. 16-30","a. avance <10%","16","17.863","3438242.6099999994","1125"
"c. 16-30","a. avance <10%","17","18.961","3438242.6099999994","1125"
"c. 16-30","a. avance <10%","18","19.546","3438242.6099999994","1125"
"c. 16-30","a. avance <10%","19","19.818","3438242.6099999994","1125"
"c. 16-30","a. avance <10%","20","20.132","3438242.6099999994","1125"
"c. 16-30","a. avance <10%","21","20.912","3438242.6099999994","1125"
"c. 16-30","a. avance <10%","22","21.178","3438242.6099999994","1125"
"c. 16-30","a. avance <10%","23","21.869","3438242.6099999994","1125"
"c. 16-30","a. avance <10%","24","22.216","3438242.6099999994","1125"
"c. 16-30","a. avance <10%","25","22.273","3438242.6099999994","1125"
"c. 16-30","a. avance <10%","26","22.613","3438242.6099999994","1125"
"c. 16-30","a. avance <10%","27","22.94","3438242.6099999994","1125"
"c. 16-30","a. avance <10%","29","23.216","3438242.6099999994","1125"
"c. 16-30","a. avance <10%","30","23.424","3438242.6099999994","1125"
"c. 16-30","a. avance <10%","31","23.514","3438242.6099999994","1125"
"c. 16-30","b. avance 10-40%","1","3.613","2767395.9600000004","1255"
"c. 16-30","b. avance 10-40%","2","5.768","2767395.9600000004","1255"
"c. 16-30","b. avance 10-40%","3","8.227","2767395.9600000004","1255"
"c. 16-30","b. avance 10-40%","4","10.002","2767395.9600000004","1255"
"c. 16-30","b. avance 10-40%","5","12.282","2767395.9600000004","1255"
"c. 16-30","b. avance 10-40%","6","16.144","2767395.9600000004","1255"
"c. 16-30","b. avance 10-40%","7","17.778","2767395.9600000004","1255"
"c. 16-30","b. avance 10-40%","8","18.882","2767395.9600000004","1255"
"c. 16-30","b. avance 10-40%","9","20.318","2767395.9600000004","1255"
"c. 16-30","b. avance 10-40%","10","22.006","2767395.9600000004","1255"
"c. 16-30","b. avance 10-40%","11","23.471","2767395.9600000004","1255"
"c. 16-30","b. avance 10-40%","12","25.624","2767395.9600000004","1255"
"c. 16-30","b. avance 10-40%","13","26.83","2767395.9600000004","1255"
"c. 16-30","b. avance 10-40%","14","27.485","2767395.9600000004","1255"
"c. 16-30","b. avance 10-40%","15","28.871","2767395.9600000004","1255"
"c. 16-30","b. avance 10-40%","16","30.046","2767395.9600000004","1255"
"c. 16-30","b. avance 10-40%","17","31.089","2767395.9600000004","1255"
"c. 16-30","b. avance 10-40%","18","31.466","2767395.9600000004","1255"
"c. 16-30","b. avance 10-40%","19","32.122","2767395.9600000004","1255"
"c. 16-30","b. avance 10-40%","20","32.494","2767395.9600000004","1255"
"c. 16-30","b. avance 10-40%","21","33.597","2767395.9600000004","1255"
"c. 16-30","b. avance 10-40%","22","34.415","2767395.9600000004","1255"
"c. 16-30","b. avance 10-40%","23","34.745","2767395.9600000004","1255"
"c. 16-30","b. avance 10-40%","24","35.374","2767395.9600000004","1255"
"c. 16-30","b. avance 10-40%","25","35.854","2767395.9600000004","1255"
"c. 16-30","b. avance 10-40%","26","37.622","2767395.9600000004","1255"
"c. 16-30","b. avance 10-40%","27","38.149","2767395.9600000004","1255"
"c. 16-30","b. avance 10-40%","28","38.526","2767395.9600000004","1255"
"c. 16-30","b. avance 10-40%","29","38.705","2767395.9600000004","1255"
"c. 16-30","b. avance 10-40%","30","39.473","2767395.9600000004","1255"
"c. 16-30","b. avance 10-40%","31","40.453","2767395.9600000004","1255"
"c. 16-30","c. avance 40-70%","1","4.881","785573.9699999999","801"
"c. 16-30","c. avance 40-70%","2","9.856","785573.9699999999","801"
"c. 16-30","c. avance 40-70%","3","11.924","785573.9699999999","801"
"c. 16-30","c. avance 40-70%","4","15.93","785573.9699999999","801"
"c. 16-30","c. avance 40-70%","5","19.63","785573.9699999999","801"
"c. 16-30","c. avance 40-70%","6","22.889","785573.9699999999","801"
"c. 16-30","c. avance 40-70%","7","26.379","785573.9699999999","801"
"c. 16-30","c. avance 40-70%","8","28.229","785573.9699999999","801"
"c. 16-30","c. avance 40-70%","9","29.566","785573.9699999999","801"
"c. 16-30","c. avance 40-70%","10","30.653","785573.9699999999","801"
"c. 16-30","c. avance 40-70%","11","31.957","785573.9699999999","801"
"c. 16-30","c. avance 40-70%","12","33.327","785573.9699999999","801"
"c. 16-30","c. avance 40-70%","13","34.951","785573.9699999999","801"
"c. 16-30","c. avance 40-70%","14","36.658","785573.9699999999","801"
"c. 16-30","c. avance 40-70%","15","39.824","785573.9699999999","801"
"c. 16-30","c. avance 40-70%","16","41.092","785573.9699999999","801"
"c. 16-30","c. avance 40-70%","17","42.053","785573.9699999999","801"
"c. 16-30","c. avance 40-70%","18","42.654","785573.9699999999","801"
"c. 16-30","c. avance 40-70%","19","43.774","785573.9699999999","801"
"c. 16-30","c. avance 40-70%","20","44.897","785573.9699999999","801"
"c. 16-30","c. avance 40-70%","21","45.549","785573.9699999999","801"
"c. 16-30","c. avance 40-70%","22","45.885","785573.9699999999","801"
"c. 16-30","c. avance 40-70%","23","46.928","785573.9699999999","801"
"c. 16-30","c. avance 40-70%","24","47.804","785573.9699999999","801"
"c. 16-30","c. avance 40-70%","25","48.28","785573.9699999999","801"
"c. 16-30","c. avance 40-70%","26","48.408","785573.9699999999","801"
"c. 16-30","c. avance 40-70%","27","49.032","785573.9699999999","801"
"c. 16-30","c. avance 40-70%","28","49.854","785573.9699999999","801"
"c. 16-30","c. avance 40-70%","29","50.744","785573.9699999999","801"
"c. 16-30","c. avance 40-70%","30","51.441","785573.9699999999","801"
"c. 16-30","c. avance 40-70%","31","51.634","785573.9699999999","801"
"c. 16-30","d. avance 70%+","1","4.907","137500.09000000005","313"
"c. 16-30","d. avance 70%+","2","8.393","137500.09000000005","313"
"c. 16-30","d. avance 70%+","3","11.754","137500.09000000005","313"
"c. 16-30","d. avance 70%+","4","13.675","137500.09000000005","313"
"c. 16-30","d. avance 70%+","5","17.992","137500.09000000005","313"
"c. 16-30","d. avance 70%+","6","19.577","137500.09000000005","313"
"c. 16-30","d. avance 70%+","7","23.596","137500.09000000005","313"
"c. 16-30","d. avance 70%+","8","27.974","137500.09000000005","313"
"c. 16-30","d. avance 70%+","9","30.874","137500.09000000005","313"
"c. 16-30","d. avance 70%+","10","31.938","137500.09000000005","313"
"c. 16-30","d. avance 70%+","11","33.016","137500.09000000005","313"
"c. 16-30","d. avance 70%+","12","34.912","137500.09000000005","313"
"c. 16-30","d. avance 70%+","13","37.892","137500.09000000005","313"
"c. 16-30","d. avance 70%+","14","39.084","137500.09000000005","313"
"c. 16-30","d. avance 70%+","15","40.33","137500.09000000005","313"
"c. 16-30","d. avance 70%+","16","41.895","137500.09000000005","313"
"c. 16-30","d. avance 70%+","17","42.406","137500.09000000005","313"
"c. 16-30","d. avance 70%+","18","45.229","137500.09000000005","313"
"c. 16-30","d. avance 70%+","19","46.593","137500.09000000005","313"
"c. 16-30","d. avance 70%+","20","48.046","137500.09000000005","313"
"c. 16-30","d. avance 70%+","21","50.244","137500.09000000005","313"
"c. 16-30","d. avance 70%+","22","50.508","137500.09000000005","313"
"c. 16-30","d. avance 70%+","23","51.267","137500.09000000005","313"
"c. 16-30","d. avance 70%+","24","52.198","137500.09000000005","313"
"c. 16-30","d. avance 70%+","25","52.472","137500.09000000005","313"
"c. 16-30","d. avance 70%+","26","52.681","137500.09000000005","313"
"c. 16-30","d. avance 70%+","27","55.548","137500.09000000005","313"
"c. 16-30","d. avance 70%+","28","56.817","137500.09000000005","313"
"c. 16-30","d. avance 70%+","29","57.539","137500.09000000005","313"
"c. 16-30","d. avance 70%+","30","57.785","137500.09000000005","313"
"c. 16-30","d. avance 70%+","31","57.966","137500.09000000005","313"
