"id_loan","saldo","motivo"
"7b3e9ba3-a18f-45c3-ae26-2610f38d3034","3135.0","Grupo de control"
"704e4c3e-3d59-46f9-939e-9b00ca8a3ae5","1372.93","Doble producto en otra fase"
"07c9730c-f251-4805-a186-fa5cb5592e2b","905.37","Grupo de control"
"b3805090-e4ce-4741-a23d-425d69b40690","2034.98","Grupo de control"
"cd02750c-d5de-45ab-bcdd-8e7214a375cd","13491.29","Grupo de control"
"f1ea5916-25f4-47a1-b3ba-d283c69d1489","485.48","Sin asignar"
"feec40b2-eaf4-4e32-b96b-c344c65c5d51","662.45","Sin asignar"
"25ec3bb4-fc70-4901-b3a1-158fccedd4d8","154.64","Sin asignar"
"05d90626-1491-492d-a5a6-d9242703dd7f","215.41","Sin asignar"
"27166842-4775-4b25-b31c-171c3f9d80a3","1253.09","Grupo de control"
"5929f4fc-a912-413f-8ee0-e997ba311e61","2303.49","Grupo de control"
"80d79e50-fd8a-4748-b27a-615855d3d321","232.31","Sin asignar"
"9651f928-4b91-4ce8-9d86-d185d68b90ed","444.67","Sin asignar"
"f7579ec8-c5fe-4f11-b166-fb5ef1afa915","1129.36","Grupo de control"
"c642eaf4-a6ff-479f-87de-476743bf262a","2158.84","Grupo de control"
"77ae5b98-7b22-4449-a935-5785c2698150","657.58","Sin asignar"
"0328a9a5-38be-490b-8ff5-03bfd50fe7c0","3213.79","Grupo de control"
"0aa95097-d36d-4849-8488-ddc7187084eb","1174.97","Grupo de control"
"2d5d6dec-f679-4e9e-b1a8-d5df0e9483e7","4784.86","Grupo de control"
"311a94b2-62bf-45ea-93e9-affd1e1d53e8","187.88","Sin asignar"
"7e3eb208-4063-44c8-b8fa-7ceaf0f050aa","1362.1","Grupo de control"
"95ea4444-7419-4c83-9c8c-e9b3ba51fab6","8242.23","Grupo de control"
"9aa4cb54-2890-4791-a404-8da6be9a925a","1082.55","Grupo de control"
"9dafe39b-d98c-4bb1-a09b-1592d2db9ce9","2066.06","Grupo de control"
"ae46c402-1999-4b56-bcd5-0f502df55fb3","7547.57","Grupo de control"
"bcc286c7-ca64-4a33-8ec6-db1a1396abae","1085.76","Grupo de control"
"c938263a-f9d1-4622-b737-871546965fde","470.19","Grupo de control"
"18ce136e-b70a-4aa1-b204-7402e9dc9dbe","577.77","Grupo de control"
"772e515d-1ce3-412a-a9d1-3f3cc71baf34","1018.0","Grupo de control"
"9e545039-aac5-474a-90ff-f8d8f43ae126","7526.73","Grupo de control"
"a800df8f-ae0d-41c9-97bc-6ac912c9dc89","3067.92","Grupo de control"
"a85a2d21-c728-4f74-83c7-dc735778e0a1","1737.61","Grupo de control"
"c03d9a89-09a1-4e5c-a4ff-fcca098cd56c","567.75","Sin asignar"
"c331014c-0bf9-42cd-8655-98f71dc33f8c","1096.92","Sin asignar"
"df5715d8-f457-4f77-924a-9d90c3909e35","1825.37","Grupo de control"
"fcc21624-47da-4db6-a502-f53b730c0b00","545.87","Grupo de control"
"dc38082d-6505-4c01-af53-0e7fab990490","15729.48","Grupo de control"
"e7a7fd71-abe0-4022-84cb-aff7afeabc52","2693.6","Grupo de control"
"226f580e-b35f-41ce-99b4-edb9844c2cb0","1118.78","Grupo de control"
"37d1cd3d-db8c-4963-accd-e6c891d19ed1","2802.91","Escalado, fase fija (sin otro credito del cliente)"
"6c0942b4-78e7-4d83-bb90-f24d52b02e8b","2940.55","Sin asignar"
"780a634c-4c23-4940-88a7-8849e9fb120f","444.39","Sin asignar"
"812a4da8-80f7-48f5-91ec-fb2a506ede9b","3518.01","Grupo de control"
"f561c0cc-8938-4bce-81ec-83e7875634de","2163.43","Escalado, fase fija (sin otro credito del cliente)"
"2834fbe1-b9c8-4b9e-9c40-90e605fad010","200.69","Sin asignar"
"94a289bf-06d0-4b69-b696-09425ec63344","1319.47","Sin asignar"
"6a2897dc-0bd9-4258-b187-9449714a075f","346.29","Grupo de control"
"0d7c7270-fece-462f-be3b-263477e4a3a0","10375.17","Escalado, fase fija (sin otro credito del cliente)"
"0f22ede2-e0cf-407b-8c29-8a826cb22452","4247.6","Grupo de control"
"182ce3a4-55e4-4518-a92e-e9b1d41ee45e","4274.92","Grupo de control"
"5596301f-f57a-468a-92a8-f70f7debb541","1052.04","Grupo de control"
"60cc8108-8539-44af-978a-46c17ee7a49f","1490.78","Grupo de control"
"65974a95-f484-47c8-a238-1f4512aca542","1983.96","Grupo de control"
"b0900077-a71f-45d5-ab71-af857e721b3a","132.73","Sin asignar"
"b86d9399-6998-47fa-b95c-7bb7beb1d419","666.81","Sin asignar"
"5e070594-dda0-4b45-9dff-03db296ef99e","545.35","Sin asignar"
"b0a6d292-e8f1-4039-b761-cb0db173ac60","1196.59","Grupo de control"
"03d2d01e-7250-4050-a42d-cd3c8e21a862","1168.0","Grupo de control"
"14e67051-3a46-46ed-bc83-5fe196c8961c","1439.87","Grupo de control"
"2ef98777-8a77-4cfe-91af-44679607cb85","838.22","Grupo de control"
"3be3bf7b-db69-4d99-ac0f-7b48f3249a18","873.44","Sin asignar"
"9b12e819-6898-480b-86c7-4eda237a30a6","232.63","Sin asignar"
"b2d2a600-25a0-4c39-ae47-ba006550c6c5","337.78","Grupo de control"
"c4a82c26-4e72-4c6b-8cdc-06b4f48a989c","1840.15","Sin asignar"
"e86e1aa0-1449-4e0f-8a46-c78e5f4a19b4","2343.4","Sin asignar"
"ecd3f2e2-4584-425d-b4ee-c9e8e4010d6c","360.06","Sin asignar"
"05d9fa94-d022-495b-b59f-35ae7f772fc7","38.82","Sin asignar"
"10a479f0-f0f7-4237-94b8-12b4a93da771","2602.54","Sin asignar"
"8561ac4b-63dd-458e-96ac-d50c33c738b7","335.15","Sin asignar"
"30492fd0-3a87-4478-972b-6a5833ceed2a","202.7","Sin asignar"
"3c8e127f-94c6-49a7-bc2c-5588eb003f7c","720.71","Grupo de control"
"52226ef6-c5c1-4429-9596-ed4af7ff6858","957.54","Grupo de control"
"629c2678-e98b-40ea-a838-74ae3e8584ae","157.9","Sin asignar"
"cfb8fb43-b675-4d58-85c0-8212f0a72194","1622.12","Grupo de control"
"d78424da-cbec-4954-8f05-69c35e4406bf","1278.39","Sin asignar"
"e7107c43-214d-48af-8ad2-d90cd0c64211","159.33","Doble producto en otra fase"
"f13fdd32-72da-4631-8d5e-03146e0370fa","2613.43","Grupo de control"
"b44507e8-371a-4b22-84db-cd76abe06fdf","1170.61","Doble producto en otra fase"
"ee84a57e-20e6-4c7c-ae26-a2f757637f22","1627.46","Grupo de control"
"292de571-b314-475c-a169-dd07972855d2","1659.67","Sin asignar"
"4bfb94d9-22f6-497c-9a5f-b6276be544ea","920.37","Grupo de control"
"4c38fa35-36da-4ce0-8520-8bddd562aadf","1838.56","Grupo de control"
"5e1e341d-b98b-449f-bf20-2f4a35daab81","795.61","Sin asignar"
"7d59b45b-70f6-4800-a562-19911afb7567","1464.6","Grupo de control"
"9bb9bbe1-a945-42c6-bd8c-d3fd70c68277","854.54","Grupo de control"
"aa2d51f7-b23c-401c-bd52-9738f847ff39","1350.04","Sin asignar"
"b912c977-1e84-4c47-aea1-1de8e2fa1c50","534.9","Sin asignar"
"bd56fa21-ecac-40f0-9a0f-8b75303efd29","1274.58","Sin asignar"
"c142b5be-15b1-48b4-9640-8eb2eae906f7","145.62","Sin asignar"
"321286ce-21b9-4024-907b-5de447ae3067","1079.74","Grupo de control"
"360a08c7-fa12-4ff5-9b89-7dcb8f3464b8","1889.97","Grupo de control"
"59d952a9-4db6-4acb-9e33-2430a97fc767","809.34","Grupo de control"
"61320f21-7d8e-4a1a-8440-23927be3f869","1122.36","Grupo de control"
"6bbd038a-af91-4c47-bc33-4e7d16c277fd","674.17","Grupo de control"
"7a415118-e53f-4251-8345-92f8e17cc67a","1119.8","Grupo de control"
"b4d4007c-c5af-426c-a07d-c8e633f41825","207.47","Sin asignar"
"c0d22b4e-4508-467b-aee2-e31623965261","2102.53","Grupo de control"
"e00edf61-c4c3-4aaa-86af-6aa52e8af486","1279.03","Grupo de control"
"ebc1cbfa-5502-4c99-8b59-089a2c97dd89","1836.13","Grupo de control"
"3a0b8bbc-f4b0-4aa1-8e3e-32c4d3ac1cc9","234.92","Sin asignar"
"1f80180e-1a62-487f-88d3-abd7a9129554","68.75","Grupo de control"
"26a03c15-906b-4c01-aafa-7e062177107c","383.09","Sin asignar"
"50251cba-495e-4902-981c-606ada4ec52d","561.35","Sin asignar"
"65d8cbc7-ed41-47fd-a033-a26960dfeb69","1036.0","Sin asignar"
"c6812550-e8de-41b5-84c7-dd53e93eaf46","1132.87","Grupo de control"
"cf2aad7c-9764-49b3-ac12-73c944411c7a","1545.0","Grupo de control"
"f4874765-e1d1-4fb5-88e7-86a3aa6bf2eb","253.55","Sin asignar"
"ff37e9df-5c6e-4354-b6f3-5f7a151b520c","383.17","Sin asignar"
"e7a3c302-187b-4660-9305-0cdd41fb2118","248.4","Grupo de control"
"9e8fa575-9314-44f6-8df5-1a1ffd3824f3","311.36","Sin asignar"
"da8da8d8-811d-4c1d-ba38-f062e1c2d13f","1705.85","Grupo de control"
"e070cfc8-fd50-4be8-89e2-394a0b65ce3b","1610.67","Grupo de control"
"e6c6befc-3b02-49bd-b050-333edd32a062","4232.58","Grupo de control"
"ec81f879-949e-494b-8e2f-e9e42f06799b","880.99","Grupo de control"
"f97022c5-3d29-4c4c-8556-a0f5baf2cf40","1386.72","Grupo de control"
"fbd2fff9-85b0-4920-8a8e-7c299638a35f","873.68","Grupo de control"
"8b55ef1d-3821-4e52-b671-1b761fac197a","270.48","Grupo de control"
"2552a4b5-7ba0-45af-a4bf-2dc507c2adca","971.13","Grupo de control"
"3a6864da-f5c0-40f0-85ca-b708d63ecabc","1026.96","Grupo de control"
"46f5ad6a-939e-44d3-a5ef-a284adb011b0","490.64","Sin asignar"
"5d05dcf1-af20-4c12-b688-19749e0dccf3","221.23","Sin asignar"
"d82efa93-904b-4990-9138-50b67ae8f0a3","954.76","Grupo de control"
"e1a28ed9-ad5b-49a6-a5dd-aa34e2243f26","970.9","Grupo de control"
"ef8b60f6-4b58-4ddb-a4be-44d2c41e91f1","8772.3","Grupo de control"
"133480ce-54ab-4240-93d6-6c19d3ce05e7","224.86","Sin asignar"
"e3cfc282-6043-493d-b65a-cf7813049a63","1772.7","Grupo de control"
"281ffad1-ff4f-4bcd-b375-27690f09b309","1205.43","Grupo de control"
"5e1fa7dc-f081-42f6-a84e-6ed33d3215fe","283.15","Sin asignar"
"6f95f226-1677-49d5-a6b4-edb48fb2b47a","1631.32","Grupo de control"
"719c7140-befc-4cbd-985a-574ef3dc21fa","2431.26","Grupo de control"
"9ae836d0-5614-4873-af4a-d11b20898dfe","329.77","Sin asignar"
"f821d32e-7922-4565-aaaf-06daf350a04f","771.67","Grupo de control"
"2f6dca81-f021-475d-b85c-233c8180ce1c","4148.22","Doble producto en otra fase"
"cfa367ba-dc8c-4da9-8ee0-9f6c641ea667","1179.95","Sin asignar"
"1692a0c1-9aaa-470d-a25a-fcb9284082c9","238.7","Sin asignar"
"066ff1dd-f528-4080-a1f7-c603d99c2d19","1841.59","Grupo de control"
"71551deb-2123-4e96-98c6-8ca5ab440c4a","587.94","Grupo de control"
"9b2fe3fa-941f-4e57-980a-3f8a75df58cb","747.5","Doble producto en otra fase"
"e28d9b27-6911-45a1-9f24-d9aec4062e16","166.97","Sin asignar"
"ebc30183-68ca-4687-bc15-21b975dc60c9","2048.27","Grupo de control"
"f6248612-76c2-4312-b1ea-34d2f20205b9","826.62","Sin asignar"
"f831b41f-44e0-4127-be54-49e783b8696b","771.82","Doble producto en otra fase"
"6f8362fb-0c09-45e2-848f-b050a1e4254c","237.63","Sin asignar"
"06091409-def4-48d0-b259-07bce9cab487","772.16","Grupo de control"
"19abe740-745b-435e-9c4c-d5dea2a4731c","2981.52","Grupo de control"
"6050abbe-0810-4447-b1c9-3d4ca4e06bd5","3236.24","Grupo de control"
"81e087f1-407d-4de2-ac2c-7bba62d66502","830.43","Grupo de control"
"94eef60f-86f0-4101-ba1c-17d8215804f5","1282.79","Grupo de control"
"a30a6295-a43f-4403-8c07-44f690e20754","9460.15","Grupo de control"
"b43137ff-a7ae-4429-879e-ac1117c0f9f9","3074.31","Grupo de control"
"bce4bb9c-5eaf-4191-8a2a-286d26d5e766","729.49","Sin asignar"
"cd97d52e-050d-4796-bc2d-b82c50c50f70","1415.59","Grupo de control"
"d27dfac8-4a6b-435a-8ec9-83259a9141be","352.12","Sin asignar"
"eb306b34-262b-4aba-aae4-6062f025138c","6988.32","Grupo de control"
"f4767ec4-c501-47c9-aaad-eecde134b42b","359.94","Sin asignar"
"e27cc71f-fa7f-4784-8ff9-62425775b2ff","322.7","Grupo de control"
"1cf0ecb7-dbb3-4d5f-a27d-c7df1fece725","484.07","Grupo de control"
"4dfac085-add3-4c6a-98fa-456cb2949cf8","373.08","Sin asignar"
"6885a669-e947-43e1-ab77-eeba53ef7b27","745.89","Grupo de control"
"7108f704-2621-4044-b39e-f0c36eb88be9","1490.76","Grupo de control"
"90c203ae-9157-4c12-b519-116ea24f19c8","1039.15","Grupo de control"
"a1cf5905-c973-473d-95a8-ae3aceb0ed3e","2319.69","Grupo de control"
"aedef8fd-6b29-44bc-a758-e1c19983a7b2","186.42","Sin asignar"
"0e463ac7-2a3b-46f1-b44a-8a8c0cb2e7bc","9295.38","Grupo de control"
"d87cea9f-b3a6-45b2-8d8d-c4094708d57b","2443.94","Grupo de control"
"281b716f-a703-4fb5-bdd2-9616827fde4b","3506.41","Grupo de control"
"6a1ec011-7bf4-4218-9ae4-aabb1a7f73d0","1536.67","Grupo de control"
"7c32aa37-7047-4374-a567-70842e9702a9","3282.4","Grupo de control"
"857d4931-50ed-4715-972f-c05a821977df","502.93","Grupo de control"
"ab1cfb62-f612-4ade-a755-81c4040bdda8","12224.68","Grupo de control"
"b16639f3-c156-4f8d-a7f1-854d620da1d3","2065.3","Grupo de control"
"e87edd66-a92e-43b6-9017-b7c371595266","333.23","Grupo de control"
"f26f4b98-ec72-4cc3-b198-167c48a0ec80","1263.21","Sin asignar"
"957e99a8-c31b-4d62-a7cf-3f92c7f64253","1164.68","Sin asignar"
"e74ecd03-1219-4296-a7e0-2ec6b37f5c59","771.89","Grupo de control"
"dd3fed37-b169-4021-be40-4c2ae898b05b","232.32","Sin asignar"
"3df5dac5-c828-42df-9e5d-2543e935bd11","1052.26","Grupo de control"
"63581a9d-97ba-4e01-a722-e852e5e9f704","7496.16","Grupo de control"
"89405676-14ec-42fb-9bd7-6c0c0ea1b032","1453.37","Grupo de control"
"b463a8f3-1142-4f84-bc62-dfdfdd70f554","332.61","Grupo de control"
"ca0b6f8f-d6db-445b-b8ec-b97f364082db","413.68","Grupo de control"
"e8629b1d-526b-4534-97b3-2be9959112c7","2154.13","Grupo de control"
"f1dc3669-fc38-4c38-9c4f-a1e4dbfd5928","1549.74","Grupo de control"
"39cc15f8-3a59-4d58-b7f6-a618c1459729","1091.46","Sin asignar"
"474e6c30-8c54-4f6d-9bab-3abb101c48aa","4002.07","Grupo de control"
"7926f888-ca95-4e3c-8ebb-72f4c26854ab","334.01","Grupo de control"
"7c6d3253-3b0f-4bd3-a2cb-d7bc82e58c23","804.46","Grupo de control"
"9f5ee068-cb28-4e15-b730-86f528157877","773.9","Grupo de control"
"ea6b5191-dbcd-4db0-b3e3-3dfadf242cbc","1470.91","Grupo de control"
"ed16b0da-4b09-477b-848a-2467c13a7ff9","1833.3","Grupo de control"
"f64db71b-d7a8-4001-bde3-2a790b0a281c","1281.3","Grupo de control"
"ff916b01-0dd6-4fe7-af59-3173c7b4a170","6385.2","Sin asignar"
"e6d1f287-25ed-462b-8338-abcc35b1db62","2325.06","Grupo de control"
"ad744b05-00a4-43ef-bf6e-1d4c2a5159ce","1565.85","Grupo de control"
"6a1b694b-e3cd-4969-88a4-b6f863ae577d","1062.14","Sin asignar"
"807c44f2-31de-4088-a8c0-02eef5a7c4a4","644.83","Grupo de control"
"dfc6b034-289d-407d-b54f-12890f1104ca","1337.97","Grupo de control"
"e37406c1-0d97-4489-8ea2-c142e3386163","740.67","Grupo de control"
"ea707c2c-881a-40c7-a663-67ef9693a049","11331.5","Grupo de control"
"05873bdc-f574-45d7-aea6-cba25024987c","524.21","Escalado, fase fija (sin otro credito del cliente)"
"19188e02-1ff1-4527-a4cf-7ed19e1bf68f","419.47","Grupo de control"
"3799b804-4b9c-4c00-a5d8-eab64ad49e08","1084.6","Escalado, fase fija (sin otro credito del cliente)"
"5ad8b338-5c26-4907-891e-37ce265fa7b5","842.97","Grupo de control"
"9b76ba6a-37c6-4052-886f-bf66916d4c2d","1117.76","Grupo de control"
"a33de6ce-9596-474e-828e-25ec876f9e30","2548.04","Grupo de control"
"cabfd333-ce44-4fa7-8322-0d642588cff0","2186.56","Grupo de control"
"d6efaedc-7c24-4d78-898c-be221665b9b6","2019.47","Grupo de control"
"0283663d-0ebf-4dd8-9fca-3bee0a7c3990","172.17","Sin asignar"
"45efd735-c547-4faf-85e1-a126c493172f","856.64","Grupo de control"
"55b2ea22-bd97-4c67-bd13-62c3f152b01b","1648.66","Grupo de control"
"5762944d-0ec7-4976-9654-86abb8ba2d89","783.74","Grupo de control"
"a923ac60-a407-4ee7-8d39-71c839534adc","98.18","Grupo de control"
"e139e822-9957-480e-892e-07a5e53ddc7d","1101.51","Grupo de control"
"f185e6bd-b3b1-4bb2-97de-cbe2a0f94dce","1290.63","Grupo de control"
"feedc5f2-8ada-4c2b-8978-a6175fe1e818","4482.17","Grupo de control"
"06af2cb7-9655-4d31-964e-3d6a88d3a2aa","2090.0","Sin asignar"
"15e7ca3b-3f9f-4b1d-8e95-54e675165e71","1347.62","Grupo de control"
"329549ee-e8ad-4961-828e-145b0b00b982","3699.14","Sin asignar"
"4f67ce18-446d-48f5-831d-afff2ec63bfc","1231.07","Grupo de control"
"5d408426-4a2d-404c-8ff7-574f986ebdf7","1112.45","Grupo de control"
"80b67c17-ce56-47b0-8152-55e5c7dd3663","1978.62","Grupo de control"
"8ff22185-1992-4b73-a4d6-3a2c7b5f64ad","1286.14","Grupo de control"
"b7290ffc-89df-4877-b87e-30c49fe2a8ba","674.58","Sin asignar"
"bde188ff-7bc0-43b6-ad92-056ea0fba5ba","1622.49","Grupo de control"
"e0787fc7-50ee-419b-b39b-e25bc9650617","545.75","Grupo de control"
"15dfadc2-2e92-4788-9e62-79104a86e5d8","655.91","Grupo de control"
"1f0df686-b4c6-4305-afdf-ba5d9439ed59","338.53","Escalado, fase fija (sin otro credito del cliente)"
"3d383ba3-cf00-49e5-beb6-4d7b7a9ff8ea","8438.02","Grupo de control"
"5311770a-8fba-429e-91d8-260773d854c2","679.63","Grupo de control"
"63ef47a3-cdb8-4bd7-884e-ef8d5f4b1be2","596.35","Sin asignar"
"937720ce-eeb9-47cd-92fc-9713165fd54f","71.6","Sin asignar"
"bb620848-fa33-4952-84c8-bc866f43da27","3410.76","Grupo de control"
"d55f9ed9-1dc8-4a69-a689-6e7625105228","902.77","Grupo de control"
"d5c03b28-c39d-4eb7-afd9-5f9317a5039d","703.25","Sin asignar"
"e1326436-6218-4fcc-a4f5-393af43ade29","1682.82","Sin asignar"
"e8d70aaa-9b37-46c4-b614-522ded46bf11","6041.93","Doble producto en otra fase"
"ee6513a7-111c-4066-b8d7-4aff45a31457","370.14","Sin asignar"
"45b3a109-47ec-4b93-b0c9-0520da85367a","724.78","Grupo de control"
"740a0554-225d-48c2-bb18-6c4ba6b416ee","723.99","Grupo de control"
"effc800d-4416-4f35-bdda-0c33ac96407a","160.58","Sin asignar"
"15db54f5-9877-4492-a1d7-16602f57fbf3","614.53","Sin asignar"
"b611c380-f787-4925-bbb5-3d02e53ed96e","389.09","Grupo de control"
"3f67e038-8cef-4b4f-ad28-2b901d1f4ea6","5385.05","Grupo de control"
"1a0c010a-1b27-4038-8df4-3edaa96c9a99","587.81","Sin asignar"
"0f11dfe5-f7ad-4f5f-b74d-a7e3e9efa354","995.37","Grupo de control"
"16e2a175-e099-48f7-8446-b41ec6dfd2d5","700.56","Grupo de control"
"38149e37-76b4-401d-91f2-46587bc78fd4","2141.58","Grupo de control"
"82705569-ed00-4077-b881-f348c57e16aa","1373.79","Grupo de control"
"a6be3a72-b091-4ec2-9716-c972164e46b5","1607.82","Grupo de control"
"bd451e1c-e11b-495b-bb41-7b8564f40559","124.16","Sin asignar"
"88decf28-5986-48da-a3f1-bd0cec7c947d","1457.61","Grupo de control"
"102ce191-8b73-43e4-baca-e03e988a2055","1924.87","Grupo de control"
"338bb9ca-d4bf-4555-a481-184d9c230558","373.07","Sin asignar"
"478e6585-9056-4337-aad1-9b2a80c60916","1489.85","Sin asignar"
"606383e8-8c16-4d6f-b54b-1a90a59e26ef","808.78","Grupo de control"
"63ec44f8-05f9-4321-84a0-2ad1c25534f6","1986.33","Grupo de control"
"856d15d3-2d4f-4b1c-8f97-35cfc65a4776","724.78","Grupo de control"
"8932f1a6-21ee-4482-9cc8-a726eb3aab9b","1945.56","Grupo de control"
"b95b6848-debf-4c18-a24d-3f94bc16abda","1018.0","Grupo de control"
"d49bfc71-1b0d-41a0-81ea-e56b3ac3b292","837.08","Grupo de control"
"e9d066b6-95a4-4025-8847-ff8754bc4d64","4905.37","Grupo de control"
"152e518b-5642-43f2-8caf-d90f835a5a01","1035.78","Grupo de control"
"535ee886-7167-461b-a83f-8671e3897f6a","1736.68","Grupo de control"
"66f5193d-4949-4fa5-9f5b-a38a9b9a5c96","723.22","Sin asignar"
"751c9f4c-f4e6-4ac1-90ed-b717c755cb34","482.3","Grupo de control"
"7da82ea6-5270-47ba-9f46-efd89aad5d01","532.75","Sin asignar"
"8ce993c6-989b-4ae2-8f29-0f118ce9c7e3","1018.0","Grupo de control"
"9832255d-85db-4871-987f-a70c7625e186","2189.11","Doble producto en otra fase"
"ac2092e5-617b-44af-9647-677eaed162c5","474.06","Grupo de control"
"c6b63740-e64a-470a-9479-4087d03cefcd","1008.58","Grupo de control"
"d6a97829-3635-4b16-aece-41f7f89611bf","494.75","Sin asignar"
"fbee4374-1209-476b-9256-ca9c2b3f47da","427.63","Sin asignar"
"fc803cf9-c224-4bfc-aaeb-c2916d1dc71c","4252.44","Sin asignar"
"fd6f6442-6da3-4efb-8bba-7dd75a7139af","118.45","Sin asignar"
"279fc1b1-a6bd-459c-be09-a082814b7eec","1999.36","Grupo de control"
"2b9198af-df2e-4512-96db-3d19ae9d48ac","2225.84","Grupo de control"
"64ad536f-7830-4e6f-99a9-b95e4078cada","329.93","Sin asignar"
"702c4029-dd76-432d-ba88-90c32a8b749c","3399.87","Grupo de control"
"cf185791-f94d-468d-829a-cb6063e7d194","1984.49","Grupo de control"
"dcbdc5ce-1fcb-4291-a8d4-06376f216630","4040.4","Grupo de control"
"c0ccde7b-38a0-4c94-98cf-58dfe4748f4d","361.8","Sin asignar"
"a8f5cf73-17a1-4c55-b21b-f8ed9e7d6ffc","1020.35","Grupo de control"
"86fa1526-037d-40ac-9e9f-2fde7e6bd744","11559.36","Grupo de control"
"7ba4d72b-e596-4380-880f-3e275e51c8aa","1089.61","Grupo de control"
"b06fdce7-362d-4952-b910-d25ee86a9ff4","797.13","Grupo de control"
"c26138a1-cc90-4df9-80a7-03901b524386","394.86","Sin asignar"
"c673b767-7a58-438a-aabf-96487d86ee17","1135.53","Grupo de control"
"fc266710-1c7f-4441-858b-bc4c99f331dc","786.53","Grupo de control"
"a9a92dd1-1186-4dd9-9262-8b5d9c67ae1e","1200.98","Sin asignar"
"f96db423-5e64-45ea-bfdb-f1dcaf5a3710","287.27","Sin asignar"
"0aaf82e2-89cb-48eb-8c86-a13bc71832d3","304.72","Grupo de control"
"19ea7b36-c896-4a1e-8b32-ce3183c204fe","608.76","Grupo de control"
"66fea02a-6907-415b-81f6-60c39c194c67","921.53","Grupo de control"
"9066425b-bfd6-413a-bf18-715c8949250a","854.47","Grupo de control"
"9de1c0db-ecff-4ec1-aad5-65186eac729d","814.45","Sin asignar"
"c452de70-a7d6-4030-9cf3-b85869460634","1177.62","Sin asignar"
"e227ff57-b6dc-4d18-bf34-f90d2f9e6200","1317.52","Grupo de control"
"0d8f2a9e-c19d-42dc-bf90-6bbdef0d4429","9325.71","Grupo de control"
"c1717b3c-ffa7-42fd-91b9-88e03966007e","2997.28","Doble producto en otra fase"
"113169e6-53a4-463f-af5f-39b21730bb84","2790.93","Grupo de control"
"5eeb91b1-5056-4ec7-a0ae-31a516e4dc69","1705.68","Grupo de control"
"7153e5c6-69a2-4229-a36a-4c9751e0cc46","949.49","Grupo de control"
"75701e4f-ff00-4295-8c8b-a35bb656eaf6","363.09","Grupo de control"
"8818d7b7-3c67-49aa-867b-213adccef726","1847.22","Grupo de control"
"c95acb5c-5e0d-4088-87e5-6dad6590bf41","210.48","Sin asignar"
"d6ca8356-c665-4f44-8802-ff1e9f8eafcf","1578.0","Grupo de control"
"eb6b8720-3409-4320-bcad-59cc769ed2dc","1114.8","Sin asignar"
"7005fd42-8eb2-4c01-af3d-8f9645b4184f","1702.69","Grupo de control"
"4c544557-1804-461f-893a-7c38204d8fa2","967.3","Sin asignar"
"13d7647b-c93b-474f-8e99-a4993b51258e","5175.4","Sin asignar"
"2a333ee2-b220-46f7-929e-28fe2d44aab2","650.51","Sin asignar"
"b33c140c-fff7-4f93-a4c9-2fa665e514ba","944.7","Grupo de control"
"f278eb84-b9c4-418e-b0b5-521a70037667","129.89","Sin asignar"
"f4ba0904-66ad-401a-b667-94734e4e7416","782.45","Sin asignar"
"fea508a2-dbff-4b20-9240-21502f9bba8c","4649.01","Grupo de control"
"8796a8ed-f814-4039-b905-beb8653e28ce","6661.61","Grupo de control"
"dae6de9a-4597-4ead-b73d-6ec843d2ccfd","1034.12","Grupo de control"
"61f620d6-057c-4ed5-9e6b-a002a99a81c0","1053.36","Sin asignar"
"0a1b61f0-257e-4169-a902-2baad55410c4","567.85","Sin asignar"
"0aa3bc23-f7ae-4066-95b6-756575d57418","819.4","Sin asignar"
"25c540ae-c6ee-4bc2-a94b-a99b5dc06f6d","1720.94","Grupo de control"
"3939b180-2e9b-4afb-bba2-246e580cb3be","754.73","Grupo de control"
"4ae99310-839f-4fce-b7b5-fb69fbe5617f","2651.26","Grupo de control"
"54dd648b-862f-4b9f-a00b-a723b37707d3","1141.42","Grupo de control"
"58eddd9e-df6d-4f37-9d47-8dfe2f5fb979","1361.88","Doble producto en otra fase"
"5b53f2b9-8bb6-4832-811f-1b84225fcc83","193.05","Escalado, fase fija (sin otro credito del cliente)"
"75684814-6b94-4407-befa-0d297a0e5a0b","1248.42","Grupo de control"
"4ba2a4f0-80c7-4abb-b318-73c9f334ae74","1249.44","Grupo de control"
"d57deb00-703d-4452-acbd-ffa42b5b78df","2017.96","Grupo de control"
"7c913567-fa2b-4b97-baf6-1bcebedab726","805.09","Grupo de control"
"4c4f6ad9-84ef-40c1-a5e1-87d64022ee4e","382.66","Grupo de control"
"5a894662-bbee-44ea-8207-0dfa05786ebc","446.83","Sin asignar"
"83b77e41-7273-4a4a-96d3-7107cb4a8aef","795.69","Grupo de control"
"ac7fa008-ceb8-4e3c-958e-a370d77cbe8c","1792.93","Grupo de control"
"b6a71d57-7535-445d-8bb3-515032aca569","589.42","Sin asignar"
"d502e86f-0e88-4a14-a8bb-73539b726cff","413.3","Grupo de control"
"e4107a29-f1fc-4016-a1a1-b6b3f5494eda","164.65","Sin asignar"
"efe419cf-0172-43f8-a860-5e7ffd025d7e","2675.64","Sin asignar"
"f9da9724-8354-4e8b-b5c0-ed9b899b5c30","1545.0","Sin asignar"
"da19f930-b999-4264-b97f-7d962e1ea269","1028.97","Grupo de control"
"fe451771-368d-4924-b3dd-733bab245362","1141.06","Grupo de control"
"87cd2893-c562-4960-893f-09673f026441","264.16","Sin asignar"
"7278b59a-a9c6-424e-a0c8-835d6bc9ee30","1506.91","Grupo de control"
"4d861b54-16f8-4014-99ec-fd49bd841a21","539.9","Sin asignar"
"028fa82d-620a-4a84-b55c-1b604f9b28a7","341.9","Sin asignar"
"02feb6d4-d15d-4245-acd6-0b6b65776c7f","382.82","Grupo de control"
"1ef6e053-8427-4a02-bc20-43741e8860d6","209.5","Sin asignar"
"25093210-ebf5-4b49-9b2c-98938f5903b4","4859.86","Grupo de control"
"595df4d5-8021-4935-b8c4-6c425115043d","2560.69","Grupo de control"
"6c032366-d2ff-4111-a77f-b7cb2ad5c1dd","1243.2","Grupo de control"
"8ff54c93-350a-443a-a45c-286a3eadf98b","112.79","Sin asignar"
"9b3fed41-e545-4000-9c7a-ecc01c3c9524","1282.44","Grupo de control"
"aa682a1b-ef6c-44a6-9fec-c02160ce3ea5","1123.09","Grupo de control"
"d073e7c8-05f3-4aa3-a8d7-dd36b97a7805","1106.75","Sin asignar"
"f0ccd437-fd37-4cad-89a7-5a34fc932e69","2346.69","Grupo de control"
"fb57dc5a-a521-4b55-8cd5-4f81867fdf22","5139.54","Grupo de control"
"f951f924-eac8-42ec-b739-a9d3b9155a41","287.23","Sin asignar"
"017e2933-0219-422f-ace3-9d41948ac3cd","1633.97","Grupo de control"
"026de11d-e54d-40ea-b784-d09af82fada9","1253.62","Grupo de control"
"0e541796-345d-46d1-9934-3809b60aab50","4003.07","Grupo de control"
"2f751e80-1846-4676-80c2-59f1c17b5718","842.71","Grupo de control"
"459f3a8a-0ef4-4d49-8fa9-2c682d3169c2","1760.25","Grupo de control"
"59784332-f6a5-4ddb-ac30-686c72c1f9cf","2232.23","Grupo de control"
"66451dd5-4f8c-48a8-817b-df2fa3304f9a","3737.76","Grupo de control"
"6bf33360-b131-4362-8e6b-cd81b2e2d6b5","151.79","Sin asignar"
"b6425007-ed59-4707-89ec-3f3de2670ae5","3666.89","Grupo de control"
"cb7b6f6b-c773-45c7-8eb8-78dea503917b","1571.21","Grupo de control"
"cda477cf-4c23-4fed-9244-7bde6653c7db","1282.84","Grupo de control"
"cee9b2ed-2134-476e-bd50-c0bca365d891","1561.28","Grupo de control"
"e714e702-f07f-47d0-b6db-97e1ac2cbcfd","3451.72","Grupo de control"
"f96229df-cd37-46f2-acfa-5eca0aee7398","1070.45","Grupo de control"
"c974b03b-21e6-431a-b6ce-604407cdb1a5","2706.6","Doble producto en otra fase"
"b3a96694-7993-42f3-be9f-85598553e160","1147.21","Grupo de control"
"09122154-8ac7-4974-871d-32327c7d4f18","1776.3","Grupo de control"
"1fa82f4e-1199-4562-99a8-b057b6986b97","306.44","Doble producto en otra fase"
"0ee87edf-2885-4890-9779-65c53d534260","1899.2","Grupo de control"
"3bc740a4-4a76-4462-bf55-cb3eaa5372e3","621.65","Doble producto en otra fase"
"96e45fe3-2487-4cf3-b7bc-93e6b81facd7","1566.8","Grupo de control"
"bc2e9190-efc1-4deb-81b9-a9da01c2700f","334.53","Grupo de control"
"bca17191-de6e-4e51-a74c-ef6cf8450692","538.22","Sin asignar"
"d789c92b-38a5-4037-b32f-b0ff3faa535a","1026.31","Grupo de control"
"df5d88bf-73e3-47db-a982-70112f8dfc71","721.98","Grupo de control"
"edaf5bf5-dfb2-4924-8896-77fcafb3fa2b","252.04","Grupo de control"
"3e784f5d-c720-4215-93e9-5b411b3eae64","136.04","Sin asignar"
"8be4387b-bcd0-495b-9919-9505c7d5953e","488.36","Sin asignar"
"edfc8b94-ca69-44a9-b5fa-0c6801ef62bd","1174.65","Grupo de control"
"4765bcb3-ea6f-47b4-b36f-10af1dd8fba2","4557.03","Doble producto en otra fase"
"08ae03c5-31f5-47c8-b8e2-67959d328dfc","2118.35","Sin asignar"
"63bd9309-3b00-4b98-a7e1-c92ec0796ec4","620.98","Doble producto en otra fase"
"27c50e6d-42bb-4eab-8a67-042d2bf79442","2423.7","Sin asignar"
"9e8c28f5-49f4-4f11-8b55-25d5412e91f7","2411.37","Grupo de control"
"17e5af1c-1779-4716-9642-03dc8f889ffa","2983.86","Grupo de control"
"23faaaa0-0094-4d02-9cdc-7df3a08d6d8a","762.17","Grupo de control"
"39b9c7c3-2306-48f6-b9c2-442358b40ccf","1095.25","Sin asignar"
"4febb87c-5762-4379-a68a-2ddd5aa3e524","951.68","Grupo de control"
"dd4e7476-0cfa-4715-91ef-d10759ec1325","737.1","Grupo de control"
"e4d6d9a3-e70b-4a3e-9933-649319548a6b","132.9","Sin asignar"
"86d3c07e-d92f-4bd4-b50f-f25bc5b356c1","217.07","Sin asignar"
"31f0676c-9d32-43d1-98d1-9ab1a288c5d6","233.01","Sin asignar"
"205de139-eb88-4c4c-b1de-d2892e38604f","2727.02","Sin asignar"
"9d090445-3b05-44eb-82fe-3b049f4b0127","1179.35","Doble producto en otra fase"
"0be5eea7-8cab-45ce-b8bd-545460414ef1","9286.85","Grupo de control"
"75c80a25-774b-48e4-9442-cccf6e0fe0b1","3216.0","Grupo de control"
"81a47a44-1d4a-45db-81f5-4277c7721957","2778.75","Grupo de control"
"9bcb615b-9237-4aff-90b5-6555cb6debcd","978.67","Sin asignar"
"c20ed12a-7fff-4817-9bbc-fea5517da141","903.61","Escalado, fase fija (sin otro credito del cliente)"
"e902589e-5f18-46f9-9113-fbe18fffa533","563.67","Grupo de control"
"f5e8cd80-da4e-44b4-a65f-56c394d04c77","1575.86","Grupo de control"
"f61efd5e-9f97-45a9-8ef1-e468bfa92520","1063.33","Escalado, fase fija (sin otro credito del cliente)"
"36a5c998-41bd-4042-a0fd-6d82d01daab5","605.4","Grupo de control"
"7a01872e-cf8e-45e2-bc49-21cc41a958a7","2546.89","Grupo de control"
"c7367116-d1ef-400b-87b3-a2b633ba604f","305.58","Grupo de control"
"94854b70-9ff3-4cca-bb8a-58f79ace0c65","1554.0","Grupo de control"
"01ad6639-29a5-4bec-b52e-1ba01f3e97af","2628.22","Sin asignar"
"108b1908-6c1f-4985-9974-65493a4c1f2d","231.36","Sin asignar"
"1f87050d-5d48-4df6-a76f-730a8d26c0ca","1258.58","Sin asignar"
"4d86ad98-b7d7-4901-af14-d916291e63a0","481.55","Sin asignar"
"795e9733-e137-4e60-956e-f6351f199732","954.94","Grupo de control"
"b26592dd-b0fd-4dcc-9a79-07cab76e90f0","1307.83","Grupo de control"
"bf8d709b-ec0e-40f4-8834-ec0f0575eb49","1097.03","Sin asignar"
"cc3dca4f-96fb-4f7a-a117-1b706d0c14c6","1141.02","Grupo de control"
"ff21277f-7df8-41f0-a2ea-614d13c52089","3047.1","Doble producto en otra fase"
"84450ddd-524b-4ebf-a74c-d01703f6523d","2472.0","Grupo de control"
"1afbb5db-e870-4640-b24e-950183595759","1115.85","Grupo de control"
"2ac995c6-75f1-40ad-843c-4d72c9b3c096","353.72","Doble producto en otra fase"
"31f0f263-3441-45af-9330-aa69d2f791bd","8294.36","Grupo de control"
"35d932a5-3131-4a8b-b3a1-fe8939461dd9","6249.67","Grupo de control"
"5b87711c-affc-49dc-bd29-2cb226782f57","629.11","Sin asignar"
"b335f088-93c6-471a-baca-b345f4530c71","269.82","Sin asignar"
"c4af1b51-7c7a-45bb-8bd1-2b6007ac4a2d","357.98","Sin asignar"
"981b9371-f3e1-4239-9798-122bca23332d","2703.03","Revisar"
"0a6eb8f3-7ed7-42fe-83d7-df4d2435ccd0","1070.13","Grupo de control"
"797c7962-c915-4481-b6a2-2f2eb580038a","1968.4","Grupo de control"
"4193df03-74d0-47d1-aa95-1244b76fd7d5","267.96","Sin asignar"
"62d0c516-d74e-46ec-a48e-04eb528cdb93","2088.84","Grupo de control"
"988b4a6b-54cd-4d40-9bb2-fbf34f8a8e6e","13734.73","Grupo de control"
"b91439e8-3694-48df-97fe-2852a8e1cd9c","1358.71","Sin asignar"
"c7237f0e-847a-4555-8f01-93390791f4df","959.76","Sin asignar"
"eb01376f-d95a-4ff5-9f7f-b8c6cb3caae7","1876.47","Grupo de control"
"f0edc52f-f0fd-4117-8280-16f7f98a0b92","4855.75","Sin asignar"
"fa57726c-686f-4d43-93b2-eee61a758a58","1087.77","Sin asignar"
"fb199d27-fdb3-4307-b0c7-eb3e5e6d16a9","629.93","Grupo de control"
"c40297c6-14aa-4b3e-93fa-19f6093ef5e9","938.27","Grupo de control"
"3a533cd8-bfb0-4278-bae8-c039f4ef06e3","474.39","Grupo de control"
"50b79f7d-740e-4007-bd6c-fc992d34a506","322.57","Sin asignar"
"61d246bf-8188-4d78-b4fe-7e24d52e86ac","4556.44","Grupo de control"
"b2b28b7d-8af9-4eb4-b575-89cdd79c7c7d","268.86","Sin asignar"
"b3ccd4d6-9c11-46e0-9c2c-0955c4d57b9d","991.6","Grupo de control"
"205d444c-3ed1-4da2-b2ac-b035cf91f8f7","13658.85","Grupo de control"
"fe75a04a-49ec-43ac-8ac5-2153aaa1213e","1055.91","Sin asignar"
"3459231e-e1c1-41fb-9268-5a07f18e0819","1224.84","Grupo de control"
"24ed8d87-58a5-4cc6-bb48-21ef1b486f3e","541.58","Sin asignar"
"3d7355fe-645a-4590-95e5-8348c912fb3b","1412.81","Sin asignar"
"635dcb5a-0a50-49ac-8f49-053c5f5095d6","203.8","Sin asignar"
"750b9a64-fb42-4a38-9d0d-4f33179ab6a3","1673.99","Grupo de control"
"a811d64a-3f89-40cf-a550-a317b7218a02","1093.99","Grupo de control"
"bbcf995a-a451-4afb-8655-8ff3a45fff33","782.84","Grupo de control"
"f6ba02f7-dd8e-4b19-a889-d9e9be8cbccf","2002.6","Grupo de control"
"fea63f94-9b0a-4bdd-8c63-282c8d4314b9","1272.38","Grupo de control"
"bb8ac01d-6b70-4f2b-934a-6578bb71aa34","377.15","Grupo de control"
"00842a96-a938-48ca-917d-bccd18885975","979.05","Grupo de control"
"11305583-32b5-436c-8de8-4a13a76966cb","261.28","Grupo de control"
"53a7c009-f5b8-492b-ac51-4936246a6196","1938.76","Grupo de control"
"5a0718b6-716d-4f4f-ab5e-5889b397ccce","2443.2","Grupo de control"
"5db673ce-2e02-4c3a-9272-b984ecedb04a","1972.98","Grupo de control"
"7976e0fd-c1af-4a71-a394-19976bb75f13","890.08","Grupo de control"
"ae5ab120-b904-4a38-8f59-8723378342c1","4748.36","Grupo de control"
"d33bdfd0-c171-420f-8ef6-a8284d2b533d","1973.38","Grupo de control"
"d842b643-cf65-4535-a458-0a91ff678add","2632.91","Grupo de control"
"b0592d79-f07f-4b88-af25-4dc5885a6ec5","1157.76","Grupo de control"
"b329511e-9d2b-4b5a-9986-8dbfe268a68c","810.76","Grupo de control"
"18f61cfa-09ac-408e-8b2d-835abeb17437","1490.83","Doble producto en otra fase"
"02883a60-b724-4ed2-8a0f-6dd954344242","626.6","Sin asignar"
"1585d466-b6cd-4e5c-90ee-4b6752bf86ea","2367.97","Grupo de control"
"2edbc1dc-c4b9-419c-ae90-2c7c578da072","1063.55","Sin asignar"
"438fc678-90ce-43c7-9611-2cee0cbe1312","2516.73","Grupo de control"
"7126e640-6670-4781-9eab-39f7e680b1cb","202.9","Sin asignar"
"8357b1ec-3297-40ba-8daa-3da41efc4c73","13490.65","Grupo de control"
"91de4897-742b-4966-9c94-bd20615af5bb","1165.53","Grupo de control"
"a7dcca3d-ec0e-4e95-a112-4114c5b1329c","2428.11","Grupo de control"
"fd7f8245-8125-496b-805b-9c3d705d1929","479.67","Sin asignar"
"609e78d3-f637-48de-b2ee-db1397ab0648","604.39","Sin asignar"
"a468133c-7314-4ec9-b80b-8ecc1e1add0c","2566.14","Grupo de control"
"166804d1-2253-4894-8c0f-d2ce7b53679c","1073.71","Grupo de control"
"4b0e2cde-6a8c-4055-b111-06b420bd838d","837.37","Grupo de control"
"5b88f07c-3996-4fbd-838b-b1203b315a07","1545.0","Grupo de control"
"9acd9399-3c74-40c4-86e6-f3001a44a044","2456.42","Grupo de control"
"a77a6dce-8e42-45dd-a802-d8f888ce6815","277.16","Grupo de control"
"a95b14ac-2dd4-437c-bb1e-1ac20b4cc707","285.34","Sin asignar"
"b1eb5aad-6a1a-484b-9538-be38d0c749ab","2036.0","Sin asignar"
"b2a7f6f1-cd1b-4b63-b226-4c62ba0ea3af","656.6","Sin asignar"
"dd4f7329-4622-47c3-a851-bc20f7479512","1351.56","Grupo de control"
"5580936a-d9b5-4e02-aa74-de3f906afc90","2858.88","Grupo de control"
"3ffb890c-2a4f-47af-a08d-73b9001fff2d","1062.93","Sin asignar"
"91b023f0-6a6e-484d-b8d2-1206f4ae7a6c","549.4","Sin asignar"
"930d9013-9e13-43b4-9e60-4b307c31d320","1424.28","Grupo de control"
"9c311b23-f616-4674-81f0-4145abf2d1ab","608.43","Escalado, fase fija (sin otro credito del cliente)"
"9e2390df-a351-43bb-9f4e-b37f31e38e17","1161.93","Grupo de control"
"f1003603-f9db-4017-90e6-cab6d1342b9e","751.43","Grupo de control"
"1b5300a3-c75f-4b90-b993-611c035bd314","918.44","Revisar"
"d20faf70-8f3d-48be-bd7d-7c7f2656d6dc","125.15","Sin asignar"
"d95e0f3d-5069-4427-9e51-7f3a3c04378c","734.63","Grupo de control"
"0a8c4720-e7cd-46d0-9917-334086c26e41","1969.04","Grupo de control"
"0a6fe601-b479-4917-a98e-1628b268e9da","1426.82","Grupo de control"
"58bbd65c-506f-4d5d-a419-74bfb40fa2a8","1328.26","Sin asignar"
"5e91cf3c-1347-44a7-b2d2-f418146b6466","2043.41","Grupo de control"
"9d06c5fe-7bf5-439c-b8be-3a4a7dc920f8","1448.79","Grupo de control"
"9e7b1f2d-e6d0-48b7-a05f-91951abad0a2","791.39","Grupo de control"
"b1caeb59-f0c9-4f35-a1cd-d2640678bd83","535.15","Sin asignar"
"c0f017c3-c603-4d5a-8d9c-a7959d8c3d71","3195.78","Grupo de control"
"cbb25ece-1933-4a6a-9b1d-11f432ce93ff","2285.79","Grupo de control"
"e24f5828-765a-4c87-b04f-f3c784fb0bd6","483.15","Grupo de control"
"e44f3d28-a2b0-48b8-a0bd-113a858eda0e","11798.03","Grupo de control"
"f996c4a5-2ca7-4fe0-9277-89ee90810a67","755.05","Grupo de control"
"31003b54-b9f8-4199-993d-f7d325fdd551","1140.89","Grupo de control"
"3ed6836f-4794-4b2c-930c-1818648003aa","2255.03","Grupo de control"
"0fd3da51-415e-4544-b7ad-b6cd79c45d40","441.07","Grupo de control"
"1c3878ef-5309-47ca-84a3-98ca8411991d","1230.47","Grupo de control"
"66e0ee00-25ac-4e58-8b20-7d4d87082aa6","813.38","Grupo de control"
"73aa81ed-0a20-4967-b071-9d5569c3ceae","175.1","Sin asignar"
"9128967f-8646-43a0-a3ed-687845287880","511.49","Sin asignar"
"9356a772-de4c-468f-94eb-cea14e447a20","578.93","Grupo de control"
"e3798d4e-3e23-42ea-ac77-47e181a27b41","2415.55","Sin asignar"
"fa18891c-5398-49c9-90b6-b9dffd1807c9","1270.22","Doble producto en otra fase"
"4cb09937-e6c9-4b87-97b9-3eb6ffc782f9","1938.08","Grupo de control"
"93f8c3e2-39f3-4496-bc67-f561634e36fe","1346.8","Doble producto en otra fase"
"2ea0c720-84c0-4f89-980a-64ed1f8878d2","1345.76","Grupo de control"
"06a882d2-ed06-4530-abcc-ef31697278e1","4699.29","Grupo de control"
"27c259cd-706c-430d-bcfb-b53692049c29","44.11","Sin asignar"
"4fdae1ad-9f2c-4bbe-86b6-086f7e50f54b","547.29","Grupo de control"
"71ccc8fb-4493-4bd4-9da2-d04e12297c55","3940.03","Grupo de control"
"820ef084-2657-47c3-9e31-e052d33a7b2f","537.86","Sin asignar"
"e2dab09c-43b4-411a-b2f9-2b1686a6218b","211.76","Sin asignar"
"f4e37281-33e8-4c17-b859-4483b7eeb20f","1106.3","Sin asignar"
"42d0a32a-bb53-4205-b8e5-c86b91837bb8","407.53","Grupo de control"
"18103c2e-af3f-42f9-bc35-4c88aa72debd","264.49","Sin asignar"
"5fab96d8-e08f-4769-a419-e61275920c51","1056.2","Grupo de control"
"1229cce6-3789-4b18-a3dc-a3498c18b752","400.67","Doble producto en otra fase"
"76c4f385-5591-4351-a1c5-ded90b60a14d","230.27","Sin asignar"
"81da6f92-cc23-43a2-8b99-cb60244dc048","1579.77","Sin asignar"
"9eebe2a8-1073-4566-8578-1cdeda397601","197.54","Sin asignar"
"ddc48569-dd01-402e-ac58-98bcf8238fa3","1413.32","Grupo de control"
"e69ce461-a8e4-40e3-aa4a-25e1092f98ce","126.7","Sin asignar"
"e69feabf-1f72-4bc6-b738-e98b69854b12","3782.35","Grupo de control"
"c37d6cfb-c789-41d5-ae36-d407f85af435","2454.99","Sin asignar"
"086cc131-1680-4af4-bc91-483b1ae104ab","1814.85","Grupo de control"
"26e8b6bb-7d3d-4492-856e-ce7ce33fd86c","462.51","Escalado, fase fija (sin otro credito del cliente)"
"525c79e0-e558-486b-8136-1f899f314cd8","1292.14","Sin asignar"
"5c6c7f18-23a5-4b19-9205-59225b1ba7a4","380.69","Grupo de control"
"75fb9bbc-d8a4-41aa-a223-c9f24bac4109","1892.52","Escalado, fase fija (sin otro credito del cliente)"
"7f39ff72-b39c-4934-ac59-086722e8d7fb","1346.27","Sin asignar"
"812a4e34-cf20-42a3-85cf-cac69388e173","243.69","Sin asignar"
"8226fcd6-6181-410f-9857-f4aa29b88186","2133.34","Grupo de control"
"e3b41459-10d6-4f42-9aef-253ab8b64bb2","669.06","Grupo de control"
"e5be348d-5441-483d-847b-db959cd1eac7","296.7","Sin asignar"
"e734c65a-99bf-4cb7-8ca1-e0cc18a42cc0","1077.39","Grupo de control"
"eb4bb186-1aa1-4291-9a2e-930cf40f6a2a","463.49","Doble producto en otra fase"
"1b25b6ad-5e08-4d3a-85cd-1499c94cd38e","472.59","Sin asignar"
"3e56574f-e7a2-4660-b889-789b90541fe7","600.97","Grupo de control"
"5851b15a-2797-435b-ad96-53e08e7ec02b","219.36","Grupo de control"
"8bdbd3d3-ef17-47d6-b971-609b3d939390","3616.0","Escalado, fase fija (sin otro credito del cliente)"
"925302cc-275b-4510-aef3-381e59b59db8","1764.77","Grupo de control"
"9ef08901-4bb9-4e27-b99c-5a6a5cfc90b4","508.87","Grupo de control"
"a846efc0-047a-4433-a88c-e4838bcd60d7","2737.11","Grupo de control"
"bb7a1513-64a4-4ced-b326-895ff110b6f5","1785.16","Escalado, fase fija (sin otro credito del cliente)"
"c195379d-48ef-42ca-a116-393ac685f15f","2219.8","Grupo de control"
"cf3ea591-dd25-406f-a38d-af7cb223f987","301.84","Sin asignar"
"177ce537-cd5f-4525-bec8-6152b3f4c096","3301.47","Grupo de control"
"7d91e361-0a67-4edd-bdd6-a8cce2f566da","1525.98","Grupo de control"
"7f6ddeda-041b-42fc-b631-9d2c183a1798","777.2","Sin asignar"
"adf84269-1917-4bb0-b6f3-674b05cfee47","1575.08","Sin asignar"
"7e1a2358-e5ea-44e7-b59e-88d845d2a4ea","4733.76","Doble producto en otra fase"
"55777be7-d8cf-4bf2-89a2-2383dd0a5400","9184.17","Grupo de control"
"b2e7c111-99fa-448f-983b-020e039e3f40","1655.53","Grupo de control"
"f3e0d018-659c-41e7-ab65-503895b8b82a","281.78","Sin asignar"
"21881d30-0abf-41cb-b84a-3e13351018e4","189.82","Grupo de control"
"2d34a251-420c-4f48-8a7b-c6488958da82","1392.83","Grupo de control"
"5c77d2f7-4579-4078-afb3-81a04591cba4","1238.35","Grupo de control"
"710f7a14-2cf8-4739-922b-3cc783aaddeb","3639.42","Grupo de control"
"857b4b5d-1d05-4ce0-96e0-b95a35c45b99","1896.49","Grupo de control"
"9906e4df-c390-49a5-a581-f69a62c1990b","782.24","Grupo de control"
"a2d7c88f-076b-4790-be89-2c62d5c56d30","2600.25","Grupo de control"
"7bd4918f-3058-4dd5-8b60-cdcaf513bb40","816.15","Grupo de control"
"88e48a19-4658-4436-bf04-39b5b84dc6d5","3738.61","Escalado, fase fija (sin otro credito del cliente)"
"48f6ee2e-fac3-466c-8a9e-f9e5b1329713","98.15","Sin asignar"
"ca921e2f-8007-499c-86b5-438fec36c3a4","9857.45","Escalado, fase fija (sin otro credito del cliente)"
"dc5606d9-57c6-4bd4-bdb8-676cb7be0abb","1433.31","Grupo de control"
"f121d898-34c2-4750-abe2-610f7cd289ab","1001.72","Grupo de control"
"91b5b1a1-b800-4fd3-a0e6-9ecdbd911b95","1536.79","Doble producto en otra fase"
"f09c8901-e2e4-4e55-91ca-223c96fcff6e","1785.03","Grupo de control"
"ba118ffb-515c-4f80-9a4a-078fd4b372b2","361.68","Sin asignar"
"7c6e2f40-4d2d-4f63-b7d4-c782cba9cf69","272.35","Grupo de control"
"14c95ca0-517e-4eec-837e-df2738468c29","826.37","Sin asignar"
"20133420-1efc-48c4-8b3a-38e0629555b3","1800.45","Grupo de control"
"46b959db-421e-4827-9221-3e8cf9e35abb","534.16","Grupo de control"
"4e5b0a90-650a-46cc-a367-1dd61d96a6c0","2510.01","Grupo de control"
"5bd39a61-13ee-4722-a732-128fb9c13eb4","585.24","Grupo de control"
"78f499a4-6e7f-4291-a432-698084154514","1317.63","Grupo de control"
"b76439e1-5ee1-4c35-a65b-ff17df4f911d","839.33","Grupo de control"
"bec59792-8894-49e7-88a6-6056daa58c7f","820.25","Grupo de control"
"c742000b-acc5-488a-887c-e9c5f1a24455","690.76","Grupo de control"
"d7e3e8fa-980e-4cc3-963c-2919908f9f83","1472.55","Doble producto en otra fase"
"ff0efa29-8cc9-431a-b55f-e950a2d77c83","5613.17","Grupo de control"
"538883a5-9823-4085-9fd3-23d6cc88a0f3","491.92","Doble producto en otra fase"
"014fe560-8d93-4c0d-95fd-ac3399cfc919","2561.06","Grupo de control"
"26f73fca-c2a4-4356-849f-c68042d90f35","819.43","Grupo de control"
"4d7a1dd7-75af-4bf8-ba68-738d37cd38ce","2651.55","Sin asignar"
"615fb2f2-9a24-4ac5-a2d6-9e40fced35be","768.4","Escalado, fase fija (sin otro credito del cliente)"
"71065459-ae3a-4022-bf51-482353c00879","404.65","Sin asignar"
"bddfdf39-524f-4c07-8029-df68a97eb937","694.56","Grupo de control"
"d33bb9f2-2bd0-4406-87c6-66e5285b07de","1021.7","Grupo de control"
"d35a4a8b-5f34-488b-b355-061e89ee859d","1127.26","Grupo de control"
"dc117cbd-3d93-4086-a11a-917c05cc9c27","903.62","Grupo de control"
"f95314d3-e0b4-49cf-aab3-8a871fb96dc3","1959.33","Grupo de control"
"e293ede9-7f3c-4658-8b6a-073f9467a5cf","300.57","Sin asignar"
"01c4d24f-aa0a-4b70-b171-c4f62f77c4fa","69.02","Sin asignar"
"0840d030-ac80-4275-8774-bd0748fc0d23","1811.11","Grupo de control"
"47853753-1d2c-4c99-8184-afa4ab98f89c","1694.04","Grupo de control"
"7399f025-cc6b-4f70-a943-a126a3a37dd2","4511.21","Grupo de control"
"9252aff6-5857-4bbc-bcc4-eec685b8f8e7","259.89","Escalado, fase fija (sin otro credito del cliente)"
"bc132916-d40e-4640-a9bf-7c7ebceb140a","2096.38","Grupo de control"
"c009bcd0-1d07-4361-ad27-5c7e65a43f11","720.46","Grupo de control"
"d82729f7-e814-4dec-955e-8ea31afbe15d","466.88","Grupo de control"
"e51e37df-3801-4254-856b-00f58469a741","705.54","Sin asignar"
"e9799e26-eada-4954-8491-41421acf7488","2353.47","Grupo de control"
"60cbe8e8-d655-4e4a-af7a-000993e203df","461.9","Sin asignar"
"6799cf63-48a3-49b9-be1c-0843644791b8","1358.99","Grupo de control"
"6e951cf3-fe0f-4dfd-aa1a-76a461c6441d","2280.04","Grupo de control"
"c101d7b3-5b90-4e21-b81f-c88ebfbb8dbf","274.99","Sin asignar"
"4599dc59-2a2d-466e-bf0c-90d17cc67d73","3079.26","Grupo de control"
"4dd860a0-8035-47e8-ae15-a8999b657021","12405.71","Sin asignar"
"87eaf5f1-3d1d-47e7-bd91-d098efb24de4","1323.0","Grupo de control"
"b53ee60f-a3c2-4eb8-ad07-57d002afef2a","1194.69","Grupo de control"
"96e2c976-b822-4d84-8509-a3ff319c17d8","1804.74","Grupo de control"
"0b96cbe0-865a-4d6b-bb30-ff53151105bd","839.47","Grupo de control"
"106a139a-da13-452f-8161-79a6a8905db9","214.67","Sin asignar"
"15e623ef-702b-4e75-bbcf-4a148b282583","1527.0","Grupo de control"
"372834b6-3090-4535-9a0c-b7ea004e6479","1499.05","Sin asignar"
"3810f500-c258-42d8-99d9-1c1ae3c20986","722.36","Sin asignar"
"65427757-302f-4010-a432-383e007c665a","775.79","Grupo de control"
"ad92ada0-d3ac-4fbb-b875-841083c29d51","982.13","Sin asignar"
"bfc383bd-6f62-46f4-9d17-00630b1bd982","8335.23","Grupo de control"
"23b7bc4d-e00d-4b9f-9336-9988f2e777b9","1973.28","Grupo de control"
"3849c0a0-ce8e-4fbf-b462-ba7a44d5e1c5","14451.71","Grupo de control"
"393d2784-e407-4b74-9161-ce55b2f73af2","1054.0","Grupo de control"
"5ce282cb-c1ad-4d1c-a457-4197491d61db","2441.66","Grupo de control"
"8f9dd1e3-cf62-4537-8d68-eca721bafa76","1000.32","Sin asignar"
"9b1ddd8b-3bb7-4ef8-8bf5-cc3c92629b6e","159.41","Sin asignar"
"ad7f52d8-f6cc-46a1-befa-5c6ab486765d","10664.07","Escalado, fase fija (sin otro credito del cliente)"
"dae9a2dc-d382-4106-a117-b472ea150813","355.53","Sin asignar"
"95255024-297c-437c-83f9-fad831ebda3e","12251.01","Grupo de control"
"72480be3-3c87-44b0-9836-aeec7551f5f8","394.97","Doble producto en otra fase"
"a765e307-cb67-4d9b-9113-37710abd76eb","1306.37","Grupo de control"
"0f864b1c-9b0a-4a65-b65d-3decd5d85026","845.38","Grupo de control"
"57f11d04-3e49-4547-91cb-7367e83f52b0","1812.8","Grupo de control"
"85ac5a4f-80d6-4dde-b6bd-c7eab879326e","222.99","Grupo de control"
"ab1ada41-4aaf-4c33-bc14-f0bb71f177fd","2250.94","Grupo de control"
"b9f6b287-a9be-4dba-a5fe-66c0ac943681","807.2","Grupo de control"
"d53cff4e-dbc6-49cd-bdac-fecdb4a3a232","685.97","Grupo de control"
"fa6e1966-89bf-497c-b31a-7ce5f1086f3c","855.44","Revisar"
"12b2db4f-4254-4f28-ad33-a5b62935895a","1488.73","Grupo de control"
"e6a2e762-1024-4261-8868-6db9ff42d90f","1943.54","Grupo de control"
"7377aca1-b927-4c06-9607-a1c139e29f52","824.25","Grupo de control"
"47e0e90a-e269-461f-b562-3835780a0bf1","1657.21","Grupo de control"
"53d3e9d7-421f-4fa7-b0d2-8cdbac4bfc95","718.61","Grupo de control"
"6706ac2f-6a29-4b8a-bd5d-db014989a7e0","3578.3","Grupo de control"
"6a4208f8-9b1c-40af-b5bf-abf30e7b28ea","94.94","Sin asignar"
"a4140055-2ad0-4c7d-b194-600c5f6939f6","914.51","Sin asignar"
"f7a8be5c-c53a-4e95-8ad7-1baf52e41493","880.02","Grupo de control"
"2e84651e-a356-4af0-9422-45fb4dfda448","1901.1","Grupo de control"
"5323809a-8b76-4b18-9032-7e02a38b6ed0","1303.96","Grupo de control"
"58e8e3e5-c6be-487d-b405-3776bd1e3593","601.36","Grupo de control"
"6a65f1b0-8cd1-4b97-9259-91f4590422fb","4018.51","Grupo de control"
"82f3b661-dfcb-4677-a8c1-0dda31e0846a","935.38","Grupo de control"
"9f2816a8-6ba8-4b86-9c77-24e0b771abef","355.52","Grupo de control"
"a2c4aed6-b921-456a-8762-6fe235ccd85d","620.0","Sin asignar"
"c1b9d130-ce0e-45a1-a541-c87a87eed27f","644.33","Grupo de control"
"cb5f98fd-a5c6-4ddd-b5eb-2417a48997e7","282.36","Sin asignar"
"fa1c096e-7310-4944-8399-cbfb0b9232ff","343.78","Sin asignar"
"fb8c82e1-0b02-4b60-a4a7-fff8a8c391c3","2442.04","Grupo de control"
"ff7932b1-feb3-4f82-946b-3215245f9eb2","207.75","Grupo de control"
"6de97878-785c-4f36-ba67-94ba1ae5fec0","1300.51","Grupo de control"
"ab1db8bc-2fc2-482a-a3cb-1f185d6a5634","1126.22","Doble producto en otra fase"
"bd05609c-eb2d-4def-b337-ae8d1e4779c6","1423.11","Grupo de control"
"5bad5a9d-2b42-4c4e-96ba-a5c4a3ba9e92","2050.13","Grupo de control"
"0b1a0b48-771f-449e-ba8b-b68a7feba822","782.56","Grupo de control"
"2d6dd74f-d4b1-4fec-a15f-4d0407598ce3","520.58","Grupo de control"
"3ffaa7f8-0d09-4480-a227-c844822a56f2","452.96","Sin asignar"
"64dcc291-81f8-443b-8839-139bdc2f4d60","2740.02","Grupo de control"
"b100e21d-879c-4fa0-9024-b33df8a6d1a1","255.12","Grupo de control"
"c172fb1d-d067-4f0a-8f7a-7f49be747b28","1758.09","Sin asignar"
"cddb5c49-7ccb-4aea-b02a-42a295b90533","302.99","Sin asignar"
"e876e214-1e82-4787-bfea-02a97e7c7dd5","456.92","Grupo de control"
"f8e4c74b-ccce-40a9-a8fd-9c9c329a5272","1247.47","Sin asignar"
"0750bde3-380a-4271-bada-4ae83d68104f","630.07","Grupo de control"
"1c4709a7-eb71-40e3-8d48-fb740b2f7a52","346.69","Grupo de control"
"302666a1-dfe3-4d5c-9f61-2e01ee6bb68f","1614.13","Sin asignar"
"3b1635f1-d623-4d1d-81a1-f49edb29a2fa","1306.04","Grupo de control"
"5e2ff93d-0d7a-4ad0-bd7f-b2240d247704","650.83","Grupo de control"
"6010d082-856f-41c0-a034-c626a40c4035","190.46","Sin asignar"
"7c98d052-51ff-48c7-a621-7bff6c0f51c8","371.26","Sin asignar"
"8385ea66-7177-4682-a6dc-479d0959589c","1326.9","Grupo de control"
"8e75e49b-9d2f-41a4-ab17-dc0fb8eecb82","373.47","Grupo de control"
"bd0ce32a-a8eb-4482-b0a0-cee1c812d7c8","56.8","Sin asignar"
"bf538a99-1064-4454-aba8-ff1b2dd8ae02","679.42","Grupo de control"
"c520fa8f-66ed-4733-8de3-341770fd97de","485.76","Grupo de control"
"cef0a973-3243-4d48-8ff3-58907b7c2875","2211.25","Sin asignar"
"e5cb71e6-e40b-4fa6-ac45-b213e2bc3640","755.75","Sin asignar"
"6e77b3f2-f207-42f6-a655-39db1525a75a","426.43","Grupo de control"
"9ffdc6e8-2564-4bf7-930a-53f28a28472f","118.01","Sin asignar"
"8f1caac9-0ff5-4479-a026-7a3e46a2559b","1874.38","Sin asignar"
"02f0cacd-697e-4334-aa30-851bac43148c","1679.69","Doble producto en otra fase"
"065ca152-3afe-4ccf-95c8-cf94d5305398","1876.02","Grupo de control"
"0eaf2fbc-3745-4cd2-a635-da93455b30f9","2213.4","Sin asignar"
"55669b5f-6054-49a5-8a88-aa93f8660b27","15179.6","Grupo de control"
"5c463451-cff5-4fbf-9e34-7f1d16884670","375.6","Sin asignar"
"5dd933c2-739c-4a0e-85aa-95a198f487c8","160.84","Sin asignar"
"62d9f4ec-197b-4047-9792-0c0913a69ab8","532.66","Grupo de control"
"863f89e4-5deb-40a5-8639-6eb1fc7616d3","3443.55","Grupo de control"
"91b85d07-09ea-457c-8048-93d57b16ad3d","1651.66","Grupo de control"
"9513f8a4-9a26-41d8-8eef-bfb14765f389","711.58","Grupo de control"
"ded5662e-b021-4cfd-9eb3-9c16318cba82","1373.87","Grupo de control"
"e4e37780-407c-48c9-a00f-f2d570a3728d","97.56","Sin asignar"
"7df22544-94f6-40a2-84c0-73e13dcc9320","301.34","Sin asignar"
"62053ca7-742d-43ef-b50a-076894adf26e","1356.63","Grupo de control"
"424cf6fb-64c1-4725-b954-e342ed8e4692","668.14","Grupo de control"
"06f0d558-4c34-4e2c-aa81-7a3020643dba","1297.14","Grupo de control"
"6b09ec6a-8631-4841-9832-558f773391d5","3062.37","Grupo de control"
"7c656291-92fc-462a-9dad-7af27aa795a2","1916.25","Grupo de control"
"a29ffe89-86ef-4d55-81fc-58433ba9772a","105.84","Sin asignar"
"aa372e9b-216c-402b-996b-7b7ef05b805f","818.17","Grupo de control"
"d74a7ed8-79a1-4851-ab27-3ae0519daf5d","1135.74","Grupo de control"
"f3ae24d8-e14f-4965-8291-2a5b4cfe17fb","2276.89","Grupo de control"
"6bacf1d5-40fe-4cf9-9825-75e0ae0f4b3a","94.79","Sin asignar"
"8d361a93-8792-49f2-ba9e-f917e5b73643","1105.92","Grupo de control"
"0556ac32-0cf1-4cb9-ae84-806d51b5d336","2833.12","Grupo de control"
"17d80e88-9c52-4007-9a35-4394fa1c0f57","1039.88","Grupo de control"
"39e6614e-a260-48f5-ac56-78d7eb44dbd0","1214.14","Grupo de control"
"5153b29d-5bf8-49b0-a225-19ffb1cd9408","946.82","Grupo de control"
"96f76415-92c3-46a4-8374-20a5e7edb7dc","4746.87","Grupo de control"
"9ef4541c-d566-4aaa-9736-dc832395291b","2231.36","Sin asignar"
"a948509f-f250-4656-bd33-50a808b02361","132.9","Sin asignar"
"b618f4f0-ec59-42b7-920b-39ba4386f1ef","915.05","Sin asignar"
"c2827280-069c-4a59-abc4-339889487f3e","562.91","Grupo de control"
"e94de2d4-186c-4a34-b96f-710c26c5442a","2090.0","Grupo de control"
"0ad49a37-80a2-42e8-9632-9f4feb53d80b","986.84","Grupo de control"
"b5f403a1-2481-4c7c-a79c-dfa7f99f6928","2090.0","Grupo de control"
"a07ed2ea-3563-4aa0-9222-5003c273880a","1264.53","Grupo de control"
"ca407021-afd1-4b9b-acb1-9ff5a5f43948","206.31","Sin asignar"
"3dfcdc30-2ba0-49f0-9edb-ce213e431a20","1886.21","Grupo de control"
"43bf0a06-6a72-4436-b27d-18c365fac24c","306.46","Sin asignar"
"45b3725b-8e3b-4cee-a246-9edb7d2b6a8f","2330.66","Grupo de control"
"8b6f2a73-d209-497b-a838-7365a3d206be","10203.37","Grupo de control"
"908eb5b7-93c0-42bc-b157-0ce2681e5063","121.8","Grupo de control"
"a84b5d25-0323-48a3-afde-68a0861fdb90","2054.0","Grupo de control"
"32ba37cd-fce4-4845-aeb7-a8beaf1c6bdd","966.55","Sin asignar"
"4df6b909-ae6a-4b50-ad34-72b11e2c9716","192.01","Sin asignar"
"f28505ee-153b-4877-b45a-fb5c896077ad","754.02","Grupo de control"
"04bb216f-e626-4cae-9d8b-f614032f7a03","505.9","Grupo de control"
"0cf9cb83-7c16-4ccb-a841-dfcb8413eccf","712.14","Grupo de control"
"1b6f7970-14bf-4222-87b9-f14a133bdf78","16173.92","Grupo de control"
"3ee96f04-749d-4b3d-85c6-2e8ddac14e72","5360.0","Grupo de control"
"4732876c-3197-4140-8c61-06e6c0ac7048","1347.49","Grupo de control"
"608b8e49-11f5-4476-ae63-6096f300e17b","527.34","Sin asignar"
"632b510c-4caa-4f6e-b5b9-b2c6e383db09","1351.4","Sin asignar"
"6d9528ec-1304-470a-a63c-978b5018b76b","2198.61","Sin asignar"
"9aef8d08-0fea-4b73-81cf-9696fd47f13f","1767.5","Grupo de control"
"9af728b6-73c4-4bbe-9aa4-3c642bffd0f4","1409.62","Grupo de control"
"9c888649-94c6-4e88-927d-744ca65b6452","456.17","Grupo de control"
"9eb83e48-d4ec-4c27-90a0-6c6ea3e0bbc0","3574.36","Grupo de control"
"ba16e8af-952f-4ab6-bc71-bf3b05789920","259.98","Grupo de control"
"de7fb9a6-f21f-4e6d-9cc5-187ace3c36f1","1182.93","Sin asignar"
"4af2df58-204a-45c2-8be9-2b80749e5c2c","370.04","Grupo de control"
"54ee95c9-ac32-480c-9131-fe9dcdbbcd41","695.68","Sin asignar"
"3b1580e1-2da7-4392-b336-d28335c12ac1","1995.28","Sin asignar"
"6d00a846-24f0-4927-8325-05e6eef68fb0","153.9","Sin asignar"
"7a1cf930-5db6-407d-8c7d-63fd464d9854","1738.85","Sin asignar"
"9b47442d-fe65-43ea-ba24-fb6939da6199","934.7","Grupo de control"
"b7da9997-38e2-47a7-9aff-1da0d3feb126","1767.73","Sin asignar"
"bb9b723c-fb7a-447b-b387-de916b181eda","276.8","Grupo de control"
"ddb2d249-0c6c-434b-8a37-37ea86991a8a","2032.01","Grupo de control"
"e96e2db0-d1c5-43cb-b09b-59ba5fd122e1","2627.28","Grupo de control"
"08102f21-6c3a-445f-a996-5ac3b93feb7c","1441.14","Grupo de control"
"431f3b32-5c24-4ab4-8c14-aa9399fd63a4","1011.01","Grupo de control"
"11734b5a-bb33-400c-9390-e884d6fcf8ef","173.83","Sin asignar"
"3caec472-2834-4755-a3ac-ce07a96268a8","2254.17","Sin asignar"
"4e88e229-15cf-4d0d-824a-8c47b3a1f5fd","112.9","Sin asignar"
"7090851b-1577-440e-8cb0-9891dee0034a","291.75","Sin asignar"
"82f15ee9-7b5e-44fc-97b0-bba3a0424429","1709.91","Grupo de control"
"a41c6c9a-89f7-4888-9a36-45e06f7ac912","1567.5","Grupo de control"
"a5cea4da-4971-4bf9-a7b1-d756430e29b7","379.4","Sin asignar"
"db95f675-9528-4c97-aea0-63b28da5308b","274.07","Grupo de control"
"f0baf754-9327-4c88-a72e-90ee3dd3c9f5","240.93","Sin asignar"
"f9981291-a0ca-4eaa-a349-3ef5b033641b","1989.36","Grupo de control"
"e8db971f-b33d-4a1d-8fa8-17420264c1ca","7355.6","Grupo de control"
"1a5013d6-d5df-41fb-bd2c-938b269cd80e","781.11","Grupo de control"
"6a7d944f-62b4-4e95-9294-3ef05c2beebf","795.25","Doble producto en otra fase"
"10994c4e-cbea-4ebc-ac69-d9b71aa58dde","1449.21","Grupo de control"
"125464ea-8ede-46bb-a0ea-8c1664c2f1ee","707.97","Sin asignar"
"180fe865-20cc-4bbe-ad58-647b35469b3a","2412.75","Grupo de control"
"2c18e6ea-926c-44e1-9a48-b61555ab0cf3","1335.29","Grupo de control"
"4a489b6e-a83a-4105-a636-458ca7c215f7","944.66","Grupo de control"
"63a4b77a-9780-4481-a6e5-ac1d5333af31","1615.83","Grupo de control"
"7f2300c3-bdc5-4621-a017-150eb4217b86","451.67","Grupo de control"
"7fb2f968-0cd2-4f17-b75a-98fa4f7712da","1450.09","Grupo de control"
"c07cd2a8-c709-4091-9b0f-d1395ea95c47","292.07","Grupo de control"
"c613a621-23ac-4d3b-b044-fe5668f25882","648.01","Sin asignar"
"f84a5407-97db-4af4-b1ee-97a864baae08","140.58","Sin asignar"
"1c3ec307-a198-4963-a774-0c4f39ec8329","5504.18","Grupo de control"
"5ac32080-fec7-40da-aede-c2b316aa1ce8","7825.6","Doble producto en otra fase"
"19e679a1-b59e-4a73-b8e7-3a7b377b48a7","2665.41","Sin asignar"
"29aef66d-8d7a-418c-a813-0c082104c287","16350.0","Sin asignar"
"45997473-c259-40e1-89cc-ee33181ae63a","2424.2","Grupo de control"
"54cb4d2e-f511-4d86-b73a-9017a677615f","12214.74","Grupo de control"
"75334f36-8748-4c5f-954f-022a2b170f95","1934.2","Sin asignar"
"9cd8e78a-8238-4db0-8eb8-97c7115092a0","5178.96","Grupo de control"
"d09b05f4-02d5-452f-860b-b1c607325f6a","956.69","Grupo de control"
"d90673c8-49a1-4049-b790-26650bddcdbc","87.11","Sin asignar"
"e0613893-531b-4480-a38f-e035e9f5ca73","1110.74","Grupo de control"
"f6f18082-bc2d-412f-b107-e158d0bf1387","2095.35","Grupo de control"
"0450a798-497e-4471-b65f-3c01d9418c5e","1128.06","Grupo de control"
"20d2dd28-1e8f-45c4-a4e0-201e73eec72e","532.59","Sin asignar"
"32242915-878c-482f-884e-8a12e1066f06","993.53","Grupo de control"
"744d39a9-eb85-46e2-be17-55c5e259c3ec","109.89","Sin asignar"
"9bdd0049-4e96-4e61-97ff-8561c83bf14e","2455.53","Grupo de control"
"d53eb51d-a63b-45fc-8359-a8dcbaff2bc7","1440.41","Sin asignar"
"cd848adf-53ef-45c3-9687-dc879f406d9f","1677.79","Grupo de control"
"9ad9582b-2d31-4305-919d-52143c521b58","889.22","Sin asignar"
"2b2de8d5-290f-4b65-bf73-c81e8005f25e","12864.0","Grupo de control"
"654ad6ee-efbd-43e3-a92b-d7d35677369d","340.45","Grupo de control"
"82b25576-50f8-4c8d-88bc-5386b07327a2","1935.22","Grupo de control"
"c62f5d32-21b7-49b9-81da-b852b7d03e70","2171.24","Grupo de control"
"b61782e6-42cf-40ce-b25f-ff9d5be6d327","408.03","Grupo de control"
"35669fa6-ea93-4633-90ec-1483074c4bad","1243.2","Doble producto en otra fase"
"94cb0f5b-7c99-41dc-9a3d-52d153975105","236.58","Grupo de control"
"119f572a-26c8-4d9b-abca-e6bb2657ddc9","129.05","Sin asignar"
"2182dc34-a1c8-40f3-a91b-261ddc6f1c47","170.64","Sin asignar"
"288626e8-9bc2-45fd-8696-0eaad3b194c9","2025.55","Sin asignar"
"37c2daf6-5a94-4516-bda9-0a63d0df32f5","1244.25","Grupo de control"
"3c70cd79-99a8-4c08-898c-793902f576f0","1039.0","Grupo de control"
"d379f81c-010b-461f-8ae3-d23da87b0760","1302.9","Grupo de control"
"e10d1f0f-18e7-484d-a2c3-59bc87250f6f","1772.55","Grupo de control"
"dfdaf8bd-0048-4d54-ae4a-f75b0f8d9123","5546.64","Grupo de control"
"f6746c25-4ce0-4aab-94d9-42a17c3d0dff","325.94","Sin asignar"
"e3898aa5-c286-4feb-8583-bdaf697ad7e6","378.72","Sin asignar"
"029faa43-58b4-4b47-b147-82aa9a59a4b1","1328.71","Grupo de control"
"02c8fab3-3aa3-4aca-a99a-559a16e0c558","324.64","Grupo de control"
"06bbfdae-cb5d-4230-b080-0ca69e9b96fb","1417.48","Grupo de control"
"079ae451-3f27-43b5-8cd1-b321278cccdd","158.07","Sin asignar"
"2740bdca-4d00-49f9-a4d9-045131be1b3e","764.12","Grupo de control"
"4aad995f-b71b-46c5-9f32-0d0390c773db","725.18","Grupo de control"
"4d678a32-2724-46fb-ac4d-a0b9b6c48c01","402.9","Sin asignar"
"701f5933-6868-47b1-b897-9a719aa39bbe","602.88","Grupo de control"
"b47a39e7-90b2-47ae-9226-20bb5c1640d8","2132.05","Grupo de control"
"caf0ada4-820d-4397-bd44-b894d23236a1","2578.75","Grupo de control"
"e7bc3c4a-7889-4cf0-bdba-aceab9a6a4e5","1675.57","Grupo de control"
"ada44a3f-6756-4bb6-8f68-d3989c118308","434.04","Grupo de control"
"e576880e-6606-4c43-ad91-29c6c48b058e","2239.6","Grupo de control"
"6a5b9578-6540-4f36-b578-5b5097b9c672","572.88","Grupo de control"
"740bfaac-231e-418a-96da-e2b386e1fa21","1072.52","Grupo de control"
"8613af01-dddc-4311-b8a5-bed88280dac7","1229.97","Grupo de control"
"a1753b80-48fa-472d-b055-f44ea59d5ee0","1353.17","Grupo de control"
"cff3c952-0156-45b7-a1de-9010acfa462b","834.26","Sin asignar"
"a23e7302-fb4e-4482-8261-2719e86f406c","330.99","Sin asignar"
"e20f4f0f-f242-4822-8424-40e899197515","3218.96","Doble producto en otra fase"
"4f405340-142d-4827-af1c-95452678ebce","409.98","Doble producto en otra fase"
"71939e91-e2b3-4ca9-82c8-356a1baa811e","301.45","Doble producto en otra fase"
"104b38d9-ff0e-4044-8c4b-bc75cb60fb03","585.37","Sin asignar"
"24e9a401-6210-4209-bbe2-6464fef32585","122.64","Sin asignar"
"2ae9eb76-6335-4b95-871b-67b11735eae3","1471.42","Grupo de control"
"472f56ff-46cf-4310-bc49-cf69e0e69649","3160.8","Grupo de control"
"a6d772e3-631b-4039-96d6-bfdac2cdc9cb","1739.86","Grupo de control"
"b8ffc6a2-aaaa-4cf5-96c8-2302e1158ae2","346.9","Grupo de control"
"c4e5e0d5-03ab-46b8-bf3d-ffe0f63974bf","1986.65","Grupo de control"
"d0a8e21b-82e6-41cd-95dd-ebed4ab806be","4084.12","Grupo de control"
"db4231c1-8ce7-4920-affb-b4c0bc9f3427","279.73","Sin asignar"
"f1b229c7-134e-4517-a03c-e4bb9ba1be79","2090.0","Grupo de control"
"2fa8049b-1e27-463a-91e7-bdf450ca4fe3","234.03","Sin asignar"
"a882ef75-f90f-4f1d-8580-558f33f04d71","840.98","Doble producto en otra fase"
"19697787-16be-40be-8529-e250816b9225","5090.0","Grupo de control"
"05d2314c-dc13-45b0-8370-5798388be4ac","733.84","Escalado, fase fija (sin otro credito del cliente)"
"142d4281-740f-45e9-a2f1-7ccf90b49568","1060.9","Grupo de control"
"1d6aa39d-48f6-4c3a-bb92-bb639a2dd325","1492.86","Grupo de control"
"533c01b2-63ee-496e-8b27-eacf2237fb4c","3853.82","Grupo de control"
"5c722025-a7a4-4112-94c0-6de82b93f4aa","616.71","Grupo de control"
"9857d55b-4cf0-4022-b0c0-38046cae6581","839.09","Grupo de control"
"9a7f263d-082c-4766-a0a9-062bee51c019","1070.21","Grupo de control"
"9d644a22-b990-4e1c-a28e-2c9e5df5800e","1468.0","Escalado, fase fija (sin otro credito del cliente)"
"bad094d7-731e-4a57-a0e3-afbb44313c00","631.55","Sin asignar"
"eb6a0172-a252-47e2-9dc7-130cc03e25dc","219.75","Grupo de control"
"f522db07-3501-4ac8-ae42-e7a6a8b5742b","5256.5","Grupo de control"
"3d0af279-0dbf-498b-b412-25f97e1110e4","189.49","Grupo de control"
"1a732629-f896-49cd-80b1-4db3f88b921f","1497.33","Grupo de control"
"2368f494-151d-43ab-977d-58862977662c","686.81","Grupo de control"
"4b1f0a43-bf4c-4513-8c8a-bbd839b80ef9","4891.81","Grupo de control"
"8d2d257a-112e-4e3a-af6a-3de7d8d4c185","547.71","Sin asignar"
"9388a425-b034-4a8d-a99d-ba382e86dc5d","3037.47","Grupo de control"
"c50f3781-3174-482e-aa6c-482048ee93d2","198.62","Sin asignar"
"dba528d0-0560-43d6-a29d-3b448d5ae5dc","1618.05","Revisar"
"ee9305c9-b445-4052-a35f-dcae2c885bb5","1622.11","Grupo de control"
"e5b3e4af-a531-4de9-978b-fdf0599cdf87","1513.5","Grupo de control"
"f41d8183-345f-4dcd-a4c4-d2e0e8c4d078","967.96","Doble producto en otra fase"
"0c904291-ae40-4c10-8f06-7deb8d6df162","351.48","Grupo de control"
"43d10435-a4c0-40a3-89e5-5253a4808bea","896.18","Grupo de control"
"56925db1-60a0-4a82-a414-fe6ddd6bc726","310.42","Grupo de control"
"58703e77-d967-43a2-a19b-85eba2efbef7","103.9","Sin asignar"
"d270c0b4-8287-419e-a5d1-8388f999a3a1","1142.97","Grupo de control"
"d45d61b1-f32a-4bb8-807d-037b13771588","122.37","Sin asignar"
"24c7fd0f-b73b-4bd3-993c-cb0f3b0fc1fc","1652.47","Doble producto en otra fase"
"e480e0f4-2a66-4091-a1f3-388d2e1d437e","3363.83","Grupo de control"
"076142db-f612-40a7-8dc3-d024a2b14e62","1271.48","Sin asignar"
"3a07b886-4098-4f16-a32c-84dadc97f182","256.43","Sin asignar"
"46420eeb-a4c7-4970-845d-71222b3a5251","806.19","Grupo de control"
"69ed9da7-0324-4be4-a442-5b662917fc0f","716.62","Grupo de control"
"78dbcb38-6948-4b05-95ea-903173ae5d49","779.99","Grupo de control"
"7a3f1d31-1690-4ef4-9c7b-fb4af25766db","180.19","Grupo de control"
"844b649d-857a-4893-81e4-566a76861166","1637.0","Grupo de control"
"85d177ff-5460-4010-91f2-9741065e5b98","559.14","Sin asignar"
"88bfc8cf-d29a-4703-811d-fb5d18d593d4","4952.05","Grupo de control"
"9d7240b0-a215-4895-a7b0-50cd870209f7","1636.89","Escalado, fase fija (sin otro credito del cliente)"
"9de30b44-b8da-4f6a-a537-0421b3f33d62","229.33","Sin asignar"
"c08a09d9-c99d-402d-928d-72fce371b709","2569.77","Grupo de control"
"c0bb1691-a886-49dd-a077-fefdea6b66e9","149.73","Sin asignar"
"c3540940-0e34-453a-8af2-febeee18e015","1004.61","Escalado, fase fija (sin otro credito del cliente)"
"d6549cc2-04ba-4d99-810f-7479c050bc75","1159.49","Grupo de control"
"ef5efe4b-0c13-4194-bda8-3209486733f1","916.79","Grupo de control"
"f1a67188-a6b4-4a4d-b307-5e3b16bbfe17","9925.35","Escalado, fase fija (sin otro credito del cliente)"
"456c30b0-983a-491b-bbdb-680baa87c8e5","1551.76","Grupo de control"
"702a3138-0804-42a7-ac7b-012e4652bb01","517.31","Doble producto en otra fase"
"b73f8757-9118-4b69-b7fc-c2bbe79d9e60","440.82","Sin asignar"
"3c20740c-7ada-45d4-bfbe-06a4643204fb","1601.65","Grupo de control"
"990e9439-26fb-4485-b6c8-8dacdc707533","11684.43","Grupo de control"
"9d349b74-6525-48d5-93fe-9a02cbfe0bd1","1639.37","Grupo de control"
"a8e34f60-d96e-4f08-a9cd-e926b3c2cf34","561.98","Grupo de control"
"bfddd740-ecee-4b69-af22-9c61a1dd4364","457.14","Grupo de control"
"043cb1b2-c674-4914-a002-22c4a8ff056b","207.66","Sin asignar"
"b5d1cf6b-ce44-417d-94d8-97fba3d291c8","646.64","Sin asignar"
"3d20bb26-4224-4575-a3ae-9e3f7f2f7c01","207.07","Sin asignar"
"5cc4dceb-92ef-43cb-8d26-d83ab88525a2","201.61","Grupo de control"
"944874b9-62c9-40e4-a1ac-32880a1792f7","500.65","Sin asignar"
"96cd7f93-a8de-4f99-9b8c-029f17713847","249.32","Grupo de control"
"b043a011-e7e5-4adf-a62a-e07783555d73","1630.83","Grupo de control"
"b04ca352-fde3-490f-adc8-af180812ec82","1352.38","Sin asignar"
"f1205474-9f0a-4388-a0e8-555960127c3e","493.39","Grupo de control"
"f2d69990-c072-4baf-b848-dddc7094fc08","3004.4","Grupo de control"
"bf11815b-5eb9-4055-a214-8331caff785e","407.79","Revisar"
"fca24f45-a585-4f7d-8695-e4d16e2d6c02","1482.6","Sin asignar"
"e43337cb-0d77-4652-985a-6f86ed77cd1e","319.7","Grupo de control"
"6a4f60c5-f228-48e1-8c19-cec8fbe15c17","5736.59","Grupo de control"
"a6d3005d-dacb-4ddf-8293-c8ff14c901f5","1043.7","Grupo de control"
"0590fac9-49b9-4dbf-a16d-fa5aba17988a","1556.44","Grupo de control"
"0e8c421a-8d5c-4dcd-86fe-a428ba230a0f","132.77","Sin asignar"
"69daa04b-7e2f-426c-8f5a-f29c04f4cb78","1130.51","Grupo de control"
"af4dfcd3-5c32-4609-8737-adce183fde7e","1682.95","Sin asignar"
"b487905d-8b54-4ed4-b864-6f1c1023a0a1","134.95","Sin asignar"
"d3e9e690-c8a1-43ee-8bcd-cb368062262b","1492.5","Grupo de control"
"da32dffb-20fa-4840-936e-019b9b12970e","877.79","Grupo de control"
"dbbc5e14-f1aa-455c-bae1-ebff8da7b055","10228.96","Grupo de control"
"f8015831-75bf-45e8-b724-d1949071a1b7","425.11","Sin asignar"
"50c1bfd7-2e7e-4909-9361-72d0b8e9d2f1","90.14","Sin asignar"
"87b93dee-8d08-4c88-b163-6a8cf78bc9a1","128.36","Sin asignar"
"727e8b3f-5ee9-4717-a5b4-463c508b6368","16350.0","Grupo de control"
"74fab15b-d0d7-4562-9ee1-45a457e8d919","1791.8","Doble producto en otra fase"
"3c77294e-1a60-4e45-b8ca-45255449e2c5","1602.57","Grupo de control"
"519097f3-6f0a-46cb-bfca-d88b119f4aa1","3882.5","Grupo de control"
"764c6224-e7bf-4156-a6ac-24634f134547","412.92","Sin asignar"
"bc771dbd-69e6-4a8f-ae0c-cec932eb0945","1449.66","Sin asignar"
"bf679d36-82fc-4b84-b804-69943b91a856","205.28","Sin asignar"
"ffd21bc1-421c-4eac-aee9-dd242ad6ee5d","1054.22","Grupo de control"
"02cfc834-5589-4d1d-817b-9bf8eb459b89","1309.09","Grupo de control"
"08f1fedb-a414-43bf-87f8-0ffb7a6f18a6","949.75","Grupo de control"
"19d86373-b4c6-4449-8e91-790dd83ee099","1089.18","Doble producto en otra fase"
"727832b8-e98a-4b00-ba95-0772d3f5c355","2161.33","Grupo de control"
"7927ddec-6eba-4929-ad94-6376edabf59f","1743.89","Grupo de control"
"7e8225a1-a219-4898-b42b-e9d73d785b71","820.98","Sin asignar"
"c796c0cd-c263-4ca0-9ef7-531c94121773","291.9","Grupo de control"
"fc21601c-e8c5-4d77-9204-f950519839bb","1234.99","Grupo de control"
"ffd0386f-a54f-4014-b3f8-db4678795209","109.06","Sin asignar"
"583736a1-8679-4fcd-b03f-0260713054af","1618.56","Grupo de control"
"03ed1bd8-110c-4f8c-a86b-952bb5783928","1299.79","Grupo de control"
"28fbc826-94d9-47b5-bea9-c75fffe1d614","311.9","Grupo de control"
"3dc652a2-cfae-4bde-8bab-c7eeb5a3845a","1461.06","Grupo de control"
"7ace95e4-bcdd-442e-ba20-4754ffbd34f7","1922.13","Sin asignar"
"90894260-94d6-4828-bd62-7af392b5ed7f","536.11","Grupo de control"
"9debb099-0dfd-43e6-bb42-be12d63816c5","2232.86","Doble producto en otra fase"
"b1f6ee42-8ba7-4a73-8037-a54589d9d7c5","3077.39","Grupo de control"
"df80b72b-c680-48a3-b2ab-986ab36800ec","3635.37","Grupo de control"
"cd7c712e-c682-4537-9404-5bf9f8dcaf26","3818.31","Grupo de control"
"12cecfb5-2c59-4097-95a5-f59aed17c9c0","3490.87","Escalado, fase fija (sin otro credito del cliente)"
"135dea16-1a9a-4f30-a301-18f74332a3db","1667.6","Grupo de control"
"190d77f8-fe5f-47b3-b16e-4b0c13a6c5a9","930.73","Grupo de control"
"28cb5915-2018-4070-9138-62b5986cdf2a","113.3","Sin asignar"
"34fb2ecd-068d-4f40-86a5-a286dfb4f0a6","990.64","Escalado, fase fija (sin otro credito del cliente)"
"6f172e03-7bfb-406c-8fe2-11411dbe616c","1559.24","Grupo de control"
"7bdeca3e-5c49-43ef-9a09-fae32bb043b0","1881.49","Grupo de control"
"85460cf7-d954-45e5-a7a5-6198841b6a2a","1471.4","Grupo de control"
"8c5b9934-23e2-4736-981d-58ffda3dcf0a","4304.44","Grupo de control"
"f7552dd3-6a47-4ee2-af73-895701c81697","1216.59","Grupo de control"
"f780ffad-99e1-47d3-9021-2e5e1b86e45f","1510.11","Grupo de control"
"ebff5103-7725-4e8d-af03-50cbc3a06188","2224.37","Sin asignar"
"49ae60e0-118f-4a3c-a9cb-ba22cd8b7f41","3229.21","Grupo de control"
"ee960fc8-4c25-4a93-821f-8e2381e7be26","503.03","Grupo de control"
"0a18ec55-5394-47b1-b67c-f9f1f6313c3a","635.55","Sin asignar"
"158a6837-72db-4877-a6bd-5a890b99ad74","182.9","Grupo de control"
"2c97aa99-0756-4f07-9ef7-44e3cc4c56b4","451.14","Grupo de control"
"3b076d73-97fd-4c82-9861-82f8d34d7d81","1765.77","Grupo de control"
"6cfcd681-1e68-4cfc-b287-af7640f0af2b","662.91","Grupo de control"
"6e4fc7dc-fc84-46a7-8ab3-a4aa72185b1e","754.37","Grupo de control"
"a5dd3684-c97c-42fa-a439-6a9e6d753b9d","459.2","Grupo de control"
"dc0788d9-374e-409e-8ff6-dc7f89a3534d","1117.98","Grupo de control"
"b0ddbb76-4c53-4fcd-818b-6e431d40fa31","1679.4","Sin asignar"
"762cf267-9e58-4caa-a1fd-a145107e8fe2","509.9","Doble producto en otra fase"
"5cf65070-31e7-44a7-8781-8b48f98b7837","637.93","Grupo de control"
"14e3645a-f6dc-4122-86bb-1f1403ee61b6","656.64","Grupo de control"
"2185431c-49f5-4094-a39f-1d56f32dcac2","1634.24","Grupo de control"
"34253703-4583-403e-86f8-65943d975d72","5234.41","Grupo de control"
"3f62a446-200b-4d52-81a3-7db9fb5dea33","635.75","Grupo de control"
"9555899d-ef65-4f8c-a446-85d2ab41e919","2391.96","Grupo de control"
"bb9cba31-9452-411e-8109-1bdf1ba9a635","173.33","Sin asignar"
"c064c750-c0ab-40f6-ab02-499fce330121","809.67","Grupo de control"
"d3224256-ca91-41a1-8b60-3da309e5c237","431.9","Sin asignar"
"cb57b45e-128e-4818-8881-315553d18c6c","1832.4","Grupo de control"
"901846d1-701b-414c-807c-e6d1477d56d3","1100.79","Grupo de control"
"069e5025-4f88-4e13-8014-5f02987e24e4","1018.0","Grupo de control"
"28fe7381-2ae0-4af5-96b6-599926c8bbeb","6629.36","Grupo de control"
"ba472d38-a6a2-48d6-a57b-8ca479983945","2022.69","Grupo de control"
"baae46b4-c058-43e1-9910-46bc32d3274f","227.63","Escalado, fase fija (sin otro credito del cliente)"
"f6fcc064-eee7-4f49-bde5-5ebe18c177b2","399.37","Grupo de control"
"4e56d7ff-8236-43cd-aaf4-c6f1995126a7","1554.0","Grupo de control"
"92f40d16-b84e-4e67-bd3d-9148334836f6","1235.71","Escalado, fase fija (sin otro credito del cliente)"
"95355a60-928c-4d37-b168-27a6ac136d0b","362.9","Sin asignar"
"982ff10b-6faf-45ac-9a2b-a4be8971e6cf","295.51","Sin asignar"
"c9e195ca-caa7-404e-a45a-ef2e04f78014","180.8","Sin asignar"
"ceb4f13c-4dd2-4d05-a7c0-bf35f2332c2b","253.65","Sin asignar"
"d7b64435-7eb4-4392-8d32-0fa0d125ab5b","1007.61","Grupo de control"
"f4d31d5f-9ecb-44d3-ba9e-7343b31cee3c","3123.64","Sin asignar"
"adad477a-f281-4912-825d-2baf551953b8","1475.55","Sin asignar"
"e5c9df6d-c852-4727-8b09-f51475462d0e","4028.68","Doble producto en otra fase"
"b4c655da-37d5-48ee-9575-82aa930f2704","868.22","Grupo de control"
"a41aa9bc-60de-423e-bbc0-f91126da3458","109.27","Sin asignar"
"29dbfa8c-68d1-48ed-ab00-a2ba7252bb92","288.62","Grupo de control"
"30b08ab1-e58a-40d6-ae70-d8a540840e3e","1527.98","Grupo de control"
"3b841f14-9a46-41d0-ae53-214bf3dc86e6","778.79","Grupo de control"
"883d5387-07db-4f26-a1f4-3428443193f8","1008.31","Grupo de control"
"934c2c02-4044-4bf6-85fd-e6e5b9f73059","324.34","Sin asignar"
"9614d8a8-cd00-474c-b4eb-acc62229b9de","5090.0","Grupo de control"
"b90f3862-d941-47dd-82fa-9a2ac4131783","733.29","Grupo de control"
"f6c7997e-2ac6-4dcf-8981-f00497658053","1203.68","Grupo de control"
"fb0143a0-4012-490c-8ded-75741143be3c","295.73","Sin asignar"
"9ff66e2c-dc57-45ce-8cba-40fc76cbcf4f","816.03","Grupo de control"
"5b5a5737-4789-497a-8af8-9373e0c3ae9a","2208.72","Grupo de control"
"eee35008-a6b6-4eb1-8c2e-e22356847e9c","594.89","Doble producto en otra fase"
"9cb68b5c-ec50-4535-bfd7-8b245888d7b9","193.63","Sin asignar"
"a6533eb4-dd0a-4c1f-8489-182a45617f0f","254.68","Sin asignar"
"b788da85-6496-4c37-a401-84446ebe5e1e","1881.65","Grupo de control"
"bfc4e5e7-a5f9-44c5-9e73-9d0b92b82cbc","10900.0","Sin asignar"
"dfd45125-3fd7-48e2-8ebe-9505eda793c1","2623.66","Grupo de control"
"15c17f8c-ba21-48e5-b2e1-56f0d31ba89d","160.06","Revisar"
"08a64941-fc4e-4fef-b15d-9ea156f30b60","921.09","Grupo de control"
"e8607751-bab1-4d7e-b330-5a0724265807","2642.48","Grupo de control"
"677492d2-4c87-4f15-8b98-640f6d8141f1","8112.87","Doble producto en otra fase"
"a151093e-0c32-4516-b054-86783107ae4b","1008.25","Grupo de control"
"20235a72-5237-4e2d-9b38-2e8d1fcf1379","311.17","Grupo de control"
"24d4346f-791d-4ea5-8b3a-367ddb156267","995.25","Grupo de control"
"3553bac9-70d7-42a6-9668-c91024df1943","2210.88","Sin asignar"
"418b9901-aa3c-46c9-8919-7ce9901c6494","1036.0","Grupo de control"
"52b17f89-bfda-4d1f-b960-b8917e8a343e","1444.31","Grupo de control"
"8d30c98f-9dd5-4d5d-8cc4-2af3f092c6af","1792.6","Grupo de control"
"cdc757f9-825c-4a17-9966-99f3e5f8bef4","589.23","Doble producto en otra fase"
"f16a5b3f-100c-45d2-9d8f-e061d65bf692","1996.34","Escalado, fase fija (sin otro credito del cliente)"
"fd00c695-eab7-43e8-9889-c253d44bf6c7","2382.59","Sin asignar"
"97986b80-509c-4111-a2b0-c6bc40401584","3198.18","Grupo de control"
"33c3c89e-4735-46f5-9829-a8e7a7ede5c6","1515.25","Sin asignar"
"81fe5bce-6297-4400-b231-c97ff6266a7b","1753.73","Grupo de control"
"2db4d172-cf2e-4186-aa96-8d479fb267a8","1623.44","Grupo de control"
"4bde1777-47f7-4f62-9134-595ca5a1a101","423.43","Doble producto en otra fase"
"61d92142-7f3c-413a-b4ed-2e28b4ed894e","992.53","Grupo de control"
"6a068309-9742-4f2f-96ad-031db5897485","1073.68","Grupo de control"
"6c0a763f-9c90-4507-a4df-ac41cd71e653","440.93","Grupo de control"
"701685dd-362b-4d5f-9ead-d52d3bbc3aa8","390.19","Sin asignar"
"85309328-162a-4b92-b23f-b59571d65337","2361.59","Grupo de control"
"b1e6011b-af37-4381-bf26-86e6d458d7fb","1097.43","Grupo de control"
"ca851ea2-8f0c-4d6b-8088-80f05881bcb0","1675.31","Grupo de control"
"411cb97e-92b2-42d6-8d65-562cb339cc6e","925.87","Sin asignar"
"6a9c211e-9fbb-4ff2-aa5f-41f06d9f341b","4491.89","Grupo de control"
"876b703c-f909-4700-abf6-b83c5093fb55","1257.99","Grupo de control"
"8bcde412-f901-4e76-a09a-3bd26c9e2a17","1274.16","Grupo de control"
"8fe196c4-e24f-4328-aad3-a39dd6a5642a","379.11","Grupo de control"
"b1d993d4-7391-455b-aca0-a3a3686c2c11","790.99","Grupo de control"
"bab06459-9e35-4c18-9551-0d52bb77dd76","163.2","Escalado, fase fija (sin otro credito del cliente)"
"c01df961-64c4-456a-acb4-21babe17a654","126.34","Sin asignar"
"e3f69bf8-d451-40b9-a0b4-99acf6d74a63","641.51","Grupo de control"
"323858ff-ba1a-4451-a245-cb49f3868db6","675.68","Grupo de control"
"085cae93-d3e0-4e62-ba16-4185e7bb68b2","5780.81","Grupo de control"
"54f8d343-0483-4b11-96e9-7c07c0486221","3313.13","Grupo de control"
"650f803e-0045-43ca-9567-44cadbf821e4","1772.49","Grupo de control"
"67c9cf52-40bc-48b3-bfc8-7a08e06bf9c0","1726.67","Escalado, fase fija (sin otro credito del cliente)"
"6a316a88-5df2-4a51-8d99-b4bdaa5e4612","436.46","Grupo de control"
"98a1b392-2d44-4e7a-aa73-35397a7fd473","893.89","Grupo de control"
"c714ce3d-f179-47e7-995d-1268a2cdba5f","550.81","Sin asignar"
"ceb0eb1d-c7fd-48bb-8c77-455ab9dd6fd9","1279.61","Grupo de control"
"42a9cc13-6b39-42f2-8ced-b2774b05c513","1147.41","Sin asignar"
"83406b7f-0f57-4a04-a265-6963e29bad09","227.3","Grupo de control"
"713f5850-57e9-4d85-a45e-a0f535b1e3c0","789.3","Grupo de control"
"adaaff69-6f5f-4f10-a4ea-3eca83d6303a","863.69","Grupo de control"
"457c53cb-2435-4c85-a079-657be5ad9ded","413.54","Sin asignar"
"64b58dae-5800-4e13-9a99-290c87e51379","1144.58","Escalado, fase fija (sin otro credito del cliente)"
"83f916fc-7a18-4d30-9576-6beb3acd78c6","572.02","Sin asignar"
"a68ac3ee-33fe-4d12-9b99-2106ee8e75af","14126.04","Grupo de control"
"b3adcd53-83e1-4d3d-9e49-ea0b892395a0","4858.87","Escalado, fase fija (sin otro credito del cliente)"
"cc199aa4-483f-4ac4-affa-44c2afa56577","3622.99","Grupo de control"
"cd5e6816-d598-4734-8ce2-7e0033460b47","1278.05","Grupo de control"
"eaf2d2e8-05f0-43d9-94d8-648cad1d7682","1407.17","Grupo de control"
"185e2bed-7ccb-4d6f-88bf-0b5f140bb51d","256.63","Sin asignar"
"1dc53c85-9797-4def-a23c-de9e965eb1d9","4229.49","Grupo de control"
"74390401-befc-4a1d-ae23-194927dabfa3","231.45","Grupo de control"
"a7ccebef-b9cf-4923-a0ed-eb95cfbee0c5","1601.11","Grupo de control"
"c652071a-3ba6-4647-8626-191f61e6c495","742.11","Escalado, fase fija (sin otro credito del cliente)"
"ea499a89-1b67-43b8-9ebe-01104f1e8276","2968.55","Grupo de control"
"eb8c5673-3e31-48e3-987a-f44e66cc66c3","847.33","Grupo de control"
"5dfd2378-0418-4879-b589-b956303e7473","287.94","Sin asignar"
"ae188d1b-37b3-4145-99ba-dc5bc978250a","1115.55","Grupo de control"
"051197ce-1d57-424e-aecf-1cd0336321f2","3778.21","Grupo de control"
"96bff905-ffad-4bbe-8ceb-472168748f59","2295.1","Sin asignar"
"a5545d18-a0b9-4f5d-a22d-2bf2fec5cf28","970.36","Grupo de control"
"285839bf-4007-4f51-8399-e658486a2596","3931.7","Grupo de control"
"5591a8dd-8a4e-4766-a6f8-5691b4b45214","151.49","Sin asignar"
"6f604978-bb68-4067-84b3-1fba2ddac146","1220.76","Grupo de control"
"92338d5c-ac16-498b-af17-d16dd81dac1f","1138.25","Sin asignar"
"94e620ad-ddca-4b7a-8d10-8053e2ff3f67","376.62","Sin asignar"
"d07da83d-6614-466c-93b1-646b1f4e60c8","1706.0","Grupo de control"
"e0d5ea37-5e30-472a-b975-5ae05b61c16e","685.97","Grupo de control"
"e6dd8141-91f8-41ab-a46e-3a7ad1519d7a","319.88","Grupo de control"
"f63766a1-a8dd-4a04-b081-d0a119c45f28","1700.91","Grupo de control"
"d4c6bc86-1eff-42d0-9608-f91a9569170e","13262.17","Grupo de control"
"05430e47-a28f-4905-a128-c6495cef2ce4","195.29","Grupo de control"
"4522f8a1-8560-429c-a0ac-7f505057f2e4","1662.45","Sin asignar"
"613d7b48-87d9-4903-a808-32e0d226a54e","1527.0","Grupo de control"
"69553f37-be40-4e4d-8568-22152730aea8","617.98","Grupo de control"
"819b82be-99a3-4cb0-a0a1-d0770522381e","9969.35","Grupo de control"
"9ab720d3-3b2d-4884-b25a-8faf5784382d","777.55","Grupo de control"
"bbcfcf76-c8b7-4090-af09-97d586a0b394","104.6","Sin asignar"
"c5409393-37d1-4027-8a4c-0103adc3bd8e","561.8","Sin asignar"
"e290833a-406c-451a-a5a6-64ed0fc102d8","882.56","Doble producto en otra fase"
"e52afe96-fe0d-47d5-bc1b-2629b7ddd61b","280.93","Sin asignar"
"e8b962be-2982-4034-a517-910412bfbb7f","2919.55","Sin asignar"
"0dbbdab8-d8f9-46cc-aa63-bd6c7bc22d88","866.68","Grupo de control"
"76018e7b-b77a-4fae-a628-082644f38ec6","248.14","Sin asignar"
"0dcc0a67-fcb6-408e-82ed-51a40b2898cb","1839.08","Grupo de control"
"2c8926ef-ff7c-405d-9a26-e3390df2288e","3384.94","Sin asignar"
"3a31a4ad-899b-42ff-bf11-570df35ac6f0","975.75","Grupo de control"
"4f72d9ad-295e-4c8f-8d2c-3b5c1408dc2a","1933.53","Sin asignar"
"6dcd0bad-647e-4441-8318-d538a2244ae4","592.14","Sin asignar"
"ccc6c065-db4e-4a92-9021-8c92de2ddf7e","5322.46","Escalado, fase fija (sin otro credito del cliente)"
"ea6e447c-1b3c-4034-a243-749488d5b2ff","1074.29","Grupo de control"
"f09c6caf-7332-4061-bd56-ce73c1d1da34","2800.94","Grupo de control"
"45509549-510f-4c1f-95af-a26980a9b81c","126.72","Sin asignar"
"52bfe67a-0484-4b4d-b808-69c49479da25","140.74","Sin asignar"
"9d273009-5f1b-4765-9532-9f70650d9319","2898.16","Grupo de control"
"ae58a208-1934-4e57-ae27-40872d19a934","1648.23","Grupo de control"
"dc080f0d-6644-4474-ba48-8c3537e8cb36","1308.39","Grupo de control"
"d0fe9282-44ce-439e-87c0-3f7023564ba3","915.11","Grupo de control"
"e39a5e6e-a9a3-440f-9846-f7556c4dee90","357.6","Sin asignar"
"4a300d94-577e-4bf3-a755-fd7d164338dc","723.01","Sin asignar"
"5ad8720d-3888-46fa-b712-def34c179901","10606.82","Grupo de control"
"5e2b89fa-9402-4daa-9d5e-db62a53d17bc","1512.89","Sin asignar"
"8d721009-cf74-46de-af42-ef87003401c4","1043.98","Grupo de control"
"8d8f0dda-b8ac-4348-973c-b45865986daa","816.46","Grupo de control"
"b1fdb6ca-cce0-409c-9d45-c903156085a7","235.62","Sin asignar"
"492d87b8-1e9c-435d-accf-6e6817d56afb","1765.82","Grupo de control"
"6af0c998-4fc7-4ea2-93ba-7e8b8011252b","1595.47","Grupo de control"
"570ab69b-8f49-4c42-afc2-f8bb24fc7f13","350.41","Grupo de control"
"680a2791-c70f-47d1-8b9c-218edd49efa1","395.28","Grupo de control"
"5524d9d7-0495-4155-9c07-3626c7ae3a00","313.03","Doble producto en otra fase"
"1a99986c-701a-48f1-bd42-882bc096f76b","838.87","Grupo de control"
"34605bab-b48c-43b3-bea1-d3036dad16b4","4412.23","Grupo de control"
"3d033a6c-445f-4e77-95a9-55f892dea799","1007.99","Grupo de control"
"43ef0a50-0387-4f63-8614-8536f0ae458b","954.7","Grupo de control"
"477ac8f0-c9b3-45ae-9316-b85b4db52b75","717.55","Grupo de control"
"5faaf898-6135-43bf-8fb8-8ff35a12300e","1087.53","Grupo de control"
"a2ceb243-8ab1-447e-a421-e865c3c5b530","1195.98","Grupo de control"
"bf736a88-4239-46bf-9539-ba627bda0afd","1455.72","Grupo de control"
"d722832d-4ad8-4311-b030-8e79b03b30d0","475.91","Sin asignar"
"efd82fdb-9e95-4f50-a53d-e3f077519f50","1108.89","Grupo de control"
"944ed45e-dd74-4259-9d73-eff9f8c9f4ff","315.87","Sin asignar"
"40f1f1ff-eba9-444d-be7b-3aa3e24fe0c0","1134.07","Grupo de control"
"25a9dc42-a8e9-49f7-839b-9b57473bdf39","499.55","Sin asignar"
"3ddb147e-3e4b-4578-b1c2-759ab903f2bb","1460.13","Grupo de control"
"3fd1f766-7948-4250-8d79-23472775c936","1033.32","Grupo de control"
"52f4a1c0-ae28-48a6-a44c-085afc45d274","130.28","Sin asignar"
"5d5bb44d-cdfe-4c87-a871-d4ba19276da7","1229.29","Grupo de control"
"612af3a8-3278-4619-9c9f-9617c2c29b3b","843.91","Grupo de control"
"6675d76b-bbd3-4366-a6ec-cede297c0478","685.83","Grupo de control"
"7b499810-6566-45c5-93c4-bfaed38e4015","1341.62","Grupo de control"
"8cbedc2d-103a-43c8-9895-9f3508fde652","1122.3","Grupo de control"
"b12a0bfc-9b8c-4d61-ad14-2475ff1b2632","462.87","Sin asignar"
"79c9d288-9919-426b-8b25-178e8b778076","8245.8","Doble producto en otra fase"
"92de5eb5-b7a2-42c2-bfbf-3e1b11b4287a","1024.39","Doble producto en otra fase"
"0971c99a-c8ac-4d9f-bf2d-966f95cadc53","344.39","Doble producto en otra fase"
"0be095f2-bb23-4ae2-8e2b-fb72ae002cef","1055.31","Sin asignar"
"2bca9b70-4b29-469b-a18b-90a5ab7a596a","84.32","Sin asignar"
"30dd8396-78f0-40dc-98a8-1c5be064d6a1","1785.13","Sin asignar"
"3804ef7c-d6de-41c6-8a8f-162636b0a609","962.49","Grupo de control"
"51e77439-428c-4ddb-b65a-fac524249943","1760.16","Grupo de control"
"88d4d1fd-f3b7-46ee-8f1b-22b2aaea0e85","122.9","Sin asignar"
"baf8529b-5372-4d02-ada6-2b3bec8ca8a2","1243.2","Grupo de control"
"7417680c-3914-4824-adfd-bd6526bb97b6","331.95","Sin asignar"
"28a8a077-c173-4044-9deb-91d66a61edca","1459.7","Doble producto en otra fase"
"23fc86b8-29c5-4c1d-b015-22c7059442e5","153.99","Sin asignar"
"24d5072b-64e4-4ff2-8d2b-8325d2de2e3d","984.78","Grupo de control"
"2b88abea-b8bb-4fef-98aa-0553822f43b6","843.17","Sin asignar"
"76bcd32e-12ea-45bd-828a-533237499783","406.18","Grupo de control"
"85524508-c82a-4fa7-b309-dd0e0eeca76c","994.6","Sin asignar"
"88e5ac6f-a5d2-4bd4-b1ff-70601cbe30e7","1117.12","Sin asignar"
"99430389-7e5f-4181-9812-bc2ae38c3d47","1418.56","Grupo de control"
"a695bd36-f107-4451-be16-54fb5e5c52c1","1097.86","Escalado, fase fija (sin otro credito del cliente)"
"c0a0d4be-8c86-4c94-8220-a7583f8ee718","2197.55","Grupo de control"
"f1894aff-f073-42ba-a0ab-f4609b63a7fa","1650.41","Sin asignar"
"ffa5b82a-b6b6-4269-ae07-166f064efc50","141.1","Sin asignar"
"17725bbf-c53a-4f30-9132-9feb04ed548d","1527.0","Grupo de control"
"23e717d2-a926-4b63-9eff-8e2dc81b4178","1701.88","Grupo de control"
"3920d5c3-a931-4dc8-a62e-ab7f58abb97d","287.38","Sin asignar"
"47bb9163-7773-4d72-b4df-8a8da339c63f","1332.71","Grupo de control"
"b6f40f7f-2a1e-47d2-8f85-f427082675c7","3504.71","Grupo de control"
"86c10ba4-63ed-440b-9e04-9b5704304510","991.52","Grupo de control"
"f3731557-792c-485c-bc83-1a2b04d259ee","945.57","Doble producto en otra fase"
"94d487f2-dbdc-434f-baf8-659a52225499","300.47","Grupo de control"
"deca19fd-4933-42a5-aca7-f271487fae69","1867.93","Grupo de control"
"e6d9ebbe-0ff5-44b2-9d75-5abcc46c0e64","2108.0","Sin asignar"
"ff379919-ef98-4b0f-bafd-180ea0842a85","2224.27","Grupo de control"
"dc9dc2ea-fb8d-42b6-851d-813997cf06a3","309.62","Sin asignar"
"91f3679c-a254-467b-a7de-daf25b4ee05e","1058.26","Grupo de control"
"518cc4f2-347b-4826-9251-6b9f9ae03d42","5742.8","Doble producto en otra fase"
"44e8bb41-9839-41e8-9237-b3ccde637ecf","68.78","Sin asignar"
"54edceec-851d-40f9-8047-8f1f59b68a3d","228.23","Sin asignar"
"585da13e-5383-4e19-bb3c-d87123a3ede9","750.59","Grupo de control"
"ccc283c4-35d7-45a9-afe0-d2f4c93a95ef","1450.44","Grupo de control"
"f4a25a2a-0dc2-4817-ab1b-c6792812d3fb","348.34","Sin asignar"
"3068829b-280e-40af-911b-9e194b7e3e29","1871.13","Doble producto en otra fase"
"0ed9c95a-c669-4dd2-a3f8-794f4e63b505","1990.56","Grupo de control"
"49046c9b-0e3a-475d-850e-5030b2f4ac15","436.95","Grupo de control"
"642dab0c-6e2d-4d68-ab02-461fd8b57f1d","1607.79","Grupo de control"
"a2eb7d42-30b1-4549-9124-e9352076a922","675.09","Grupo de control"
"c4a6b101-6ebf-438f-8c04-72277200963e","1299.5","Grupo de control"
"d5d255a6-4553-4194-9f3a-25cd0fabba49","691.22","Grupo de control"
"b48e677f-7584-4a63-8087-d31f5775b514","1244.32","Grupo de control"
