avance_band,dow_venc,dia,pct_capital_asegurado_acum
a. avance <10%,1,0,4.793
a. avance <10%,1,1,6.754
a. avance <10%,1,2,7.5
a. avance <10%,1,3,8.242
a. avance <10%,1,4,8.58
a. avance <10%,1,5,8.658
a. avance <10%,1,6,8.973
a. avance <10%,1,7,9.13
a. avance <10%,1,8,9.331
a. avance <10%,1,9,9.638
a. avance <10%,1,10,9.784
a. avance <10%,1,11,9.865
a. avance <10%,1,12,9.903
a. avance <10%,1,13,9.973
a. avance <10%,1,14,10.073
a. avance <10%,1,15,10.203
a. avance <10%,1,16,10.301
a. avance <10%,1,17,10.368
a. avance <10%,1,18,10.47
a. avance <10%,1,19,10.526
a. avance <10%,1,20,10.605
a. avance <10%,1,21,10.71
a. avance <10%,1,22,10.875
a. avance <10%,1,23,11.07
a. avance <10%,1,24,11.381
a. avance <10%,1,25,11.575
a. avance <10%,1,26,11.738
a. avance <10%,1,27,12.316
a. avance <10%,1,28,13.239
a. avance <10%,1,29,14.479
a. avance <10%,1,30,15.884
a. avance <10%,1,31,17.024
a. avance <10%,2,0,6.199
a. avance <10%,2,1,8.194
a. avance <10%,2,2,9.101
a. avance <10%,2,3,9.506
a. avance <10%,2,4,9.729
a. avance <10%,2,5,10.031
a. avance <10%,2,6,10.148
a. avance <10%,2,7,10.313
a. avance <10%,2,8,10.49
a. avance <10%,2,9,10.587
a. avance <10%,2,10,10.681
a. avance <10%,2,11,10.74
a. avance <10%,2,12,10.888
a. avance <10%,2,13,11.026
a. avance <10%,2,14,11.141
a. avance <10%,2,15,11.226
a. avance <10%,2,16,11.407
a. avance <10%,2,17,11.468
a. avance <10%,2,18,11.543
a. avance <10%,2,19,11.626
a. avance <10%,2,20,11.709
a. avance <10%,2,21,11.926
a. avance <10%,2,22,11.99
a. avance <10%,2,23,12.316
a. avance <10%,2,24,12.791
a. avance <10%,2,25,12.933
a. avance <10%,2,26,13.241
a. avance <10%,2,27,13.852
a. avance <10%,2,28,14.54
a. avance <10%,2,29,15.844
a. avance <10%,2,30,17.576
a. avance <10%,2,31,18.728
a. avance <10%,3,0,5.691
a. avance <10%,3,1,7.831
a. avance <10%,3,2,8.509
a. avance <10%,3,3,8.712
a. avance <10%,3,4,9.174
a. avance <10%,3,5,9.552
a. avance <10%,3,6,9.806
a. avance <10%,3,7,9.943
a. avance <10%,3,8,10.18
a. avance <10%,3,9,10.273
a. avance <10%,3,10,10.333
a. avance <10%,3,11,10.406
a. avance <10%,3,12,10.488
a. avance <10%,3,13,10.598
a. avance <10%,3,14,10.713
a. avance <10%,3,15,10.815
a. avance <10%,3,16,10.944
a. avance <10%,3,17,11.055
a. avance <10%,3,18,11.133
a. avance <10%,3,19,11.3
a. avance <10%,3,20,11.419
a. avance <10%,3,21,11.515
a. avance <10%,3,22,11.768
a. avance <10%,3,23,11.908
a. avance <10%,3,24,11.985
a. avance <10%,3,25,12.213
a. avance <10%,3,26,12.507
a. avance <10%,3,27,13.121
a. avance <10%,3,28,14.056
a. avance <10%,3,29,15.613
a. avance <10%,3,30,17.177
a. avance <10%,3,31,18.0
a. avance <10%,4,0,4.336
a. avance <10%,4,1,5.361
a. avance <10%,4,2,5.755
a. avance <10%,4,3,6.605
a. avance <10%,4,4,7.088
a. avance <10%,4,5,7.429
a. avance <10%,4,6,7.658
a. avance <10%,4,7,7.993
a. avance <10%,4,8,8.175
a. avance <10%,4,9,8.219
a. avance <10%,4,10,8.317
a. avance <10%,4,11,8.755
a. avance <10%,4,12,8.888
a. avance <10%,4,13,8.951
a. avance <10%,4,14,9.184
a. avance <10%,4,15,9.218
a. avance <10%,4,16,9.237
a. avance <10%,4,17,9.341
a. avance <10%,4,18,9.443
a. avance <10%,4,19,9.652
a. avance <10%,4,20,9.849
a. avance <10%,4,21,9.949
a. avance <10%,4,22,10.09
a. avance <10%,4,23,10.193
a. avance <10%,4,24,10.32
a. avance <10%,4,25,10.559
a. avance <10%,4,26,11.024
a. avance <10%,4,27,11.391
a. avance <10%,4,28,11.916
a. avance <10%,4,29,13.147
a. avance <10%,4,30,13.694
a. avance <10%,4,31,15.105
a. avance <10%,5,0,3.293
a. avance <10%,5,1,4.093
a. avance <10%,5,2,6.676
a. avance <10%,5,3,7.858
a. avance <10%,5,4,8.523
a. avance <10%,5,5,8.826
a. avance <10%,5,6,9.269
a. avance <10%,5,7,9.427
a. avance <10%,5,8,9.51
a. avance <10%,5,9,9.728
a. avance <10%,5,10,9.912
a. avance <10%,5,11,10.314
a. avance <10%,5,12,10.372
a. avance <10%,5,13,10.467
a. avance <10%,5,14,10.532
a. avance <10%,5,15,10.557
a. avance <10%,5,16,10.758
a. avance <10%,5,17,10.917
a. avance <10%,5,18,11.035
a. avance <10%,5,19,11.074
a. avance <10%,5,20,11.121
a. avance <10%,5,21,11.178
a. avance <10%,5,22,11.257
a. avance <10%,5,23,11.371
a. avance <10%,5,24,11.527
a. avance <10%,5,25,11.692
a. avance <10%,5,26,11.926
a. avance <10%,5,27,12.495
a. avance <10%,5,28,13.284
a. avance <10%,5,29,13.758
a. avance <10%,5,30,15.523
a. avance <10%,5,31,16.891
a. avance <10%,6,0,1.949
a. avance <10%,6,1,5.942
a. avance <10%,6,2,7.235
a. avance <10%,6,3,7.978
a. avance <10%,6,4,8.362
a. avance <10%,6,5,8.623
a. avance <10%,6,6,8.837
a. avance <10%,6,7,8.971
a. avance <10%,6,8,9.119
a. avance <10%,6,9,9.241
a. avance <10%,6,10,9.428
a. avance <10%,6,11,9.549
a. avance <10%,6,12,9.604
a. avance <10%,6,13,9.637
a. avance <10%,6,14,9.649
a. avance <10%,6,15,9.759
a. avance <10%,6,16,9.818
a. avance <10%,6,17,9.97
a. avance <10%,6,18,10.08
a. avance <10%,6,19,10.22
a. avance <10%,6,20,10.363
a. avance <10%,6,21,10.446
a. avance <10%,6,22,10.483
a. avance <10%,6,23,10.557
a. avance <10%,6,24,10.895
a. avance <10%,6,25,11.128
a. avance <10%,6,26,11.503
a. avance <10%,6,27,12.034
a. avance <10%,6,28,12.412
a. avance <10%,6,29,13.557
a. avance <10%,6,30,15.127
a. avance <10%,6,31,16.59
b. avance 10-40%,1,0,4.839
b. avance 10-40%,1,1,7.102
b. avance 10-40%,1,2,8.292
b. avance 10-40%,1,3,9.344
b. avance 10-40%,1,4,9.902
b. avance 10-40%,1,5,10.044
b. avance 10-40%,1,6,10.461
b. avance 10-40%,1,7,10.829
b. avance 10-40%,1,8,11.154
b. avance 10-40%,1,9,11.391
b. avance 10-40%,1,10,11.651
b. avance 10-40%,1,11,11.848
b. avance 10-40%,1,12,11.921
b. avance 10-40%,1,13,12.081
b. avance 10-40%,1,14,12.28
b. avance 10-40%,1,15,12.548
b. avance 10-40%,1,16,12.668
b. avance 10-40%,1,17,12.773
b. avance 10-40%,1,18,12.867
b. avance 10-40%,1,19,12.906
b. avance 10-40%,1,20,13.078
b. avance 10-40%,1,21,13.202
b. avance 10-40%,1,22,13.322
b. avance 10-40%,1,23,13.519
b. avance 10-40%,1,24,13.813
b. avance 10-40%,1,25,14.085
b. avance 10-40%,1,26,14.286
b. avance 10-40%,1,27,14.957
b. avance 10-40%,1,28,16.003
b. avance 10-40%,1,29,17.645
b. avance 10-40%,1,30,19.512
b. avance 10-40%,1,31,21.256
b. avance 10-40%,2,0,5.902
b. avance 10-40%,2,1,8.264
b. avance 10-40%,2,2,9.594
b. avance 10-40%,2,3,10.274
b. avance 10-40%,2,4,10.636
b. avance 10-40%,2,5,11.146
b. avance 10-40%,2,6,11.53
b. avance 10-40%,2,7,11.837
b. avance 10-40%,2,8,12.263
b. avance 10-40%,2,9,12.488
b. avance 10-40%,2,10,12.675
b. avance 10-40%,2,11,12.821
b. avance 10-40%,2,12,12.945
b. avance 10-40%,2,13,13.089
b. avance 10-40%,2,14,13.19
b. avance 10-40%,2,15,13.372
b. avance 10-40%,2,16,13.533
b. avance 10-40%,2,17,13.682
b. avance 10-40%,2,18,13.725
b. avance 10-40%,2,19,13.828
b. avance 10-40%,2,20,13.933
b. avance 10-40%,2,21,14.039
b. avance 10-40%,2,22,14.18
b. avance 10-40%,2,23,14.397
b. avance 10-40%,2,24,14.645
b. avance 10-40%,2,25,14.784
b. avance 10-40%,2,26,15.213
b. avance 10-40%,2,27,16.017
b. avance 10-40%,2,28,16.74
b. avance 10-40%,2,29,18.195
b. avance 10-40%,2,30,20.444
b. avance 10-40%,2,31,21.827
b. avance 10-40%,3,0,5.747
b. avance 10-40%,3,1,8.091
b. avance 10-40%,3,2,8.956
b. avance 10-40%,3,3,9.405
b. avance 10-40%,3,4,10.196
b. avance 10-40%,3,5,10.698
b. avance 10-40%,3,6,11.101
b. avance 10-40%,3,7,11.564
b. avance 10-40%,3,8,11.998
b. avance 10-40%,3,9,12.185
b. avance 10-40%,3,10,12.267
b. avance 10-40%,3,11,12.415
b. avance 10-40%,3,12,12.574
b. avance 10-40%,3,13,12.77
b. avance 10-40%,3,14,12.934
b. avance 10-40%,3,15,13.092
b. avance 10-40%,3,16,13.323
b. avance 10-40%,3,17,13.356
b. avance 10-40%,3,18,13.453
b. avance 10-40%,3,19,13.515
b. avance 10-40%,3,20,13.672
b. avance 10-40%,3,21,13.743
b. avance 10-40%,3,22,13.9
b. avance 10-40%,3,23,14.029
b. avance 10-40%,3,24,14.119
b. avance 10-40%,3,25,14.332
b. avance 10-40%,3,26,14.626
b. avance 10-40%,3,27,15.358
b. avance 10-40%,3,28,16.473
b. avance 10-40%,3,29,18.138
b. avance 10-40%,3,30,19.988
b. avance 10-40%,3,31,20.876
b. avance 10-40%,4,0,5.301
b. avance 10-40%,4,1,7.084
b. avance 10-40%,4,2,7.741
b. avance 10-40%,4,3,9.39
b. avance 10-40%,4,4,10.118
b. avance 10-40%,4,5,10.668
b. avance 10-40%,4,6,10.967
b. avance 10-40%,4,7,11.32
b. avance 10-40%,4,8,11.529
b. avance 10-40%,4,9,11.623
b. avance 10-40%,4,10,11.933
b. avance 10-40%,4,11,12.186
b. avance 10-40%,4,12,12.35
b. avance 10-40%,4,13,12.664
b. avance 10-40%,4,14,12.788
b. avance 10-40%,4,15,12.939
b. avance 10-40%,4,16,12.979
b. avance 10-40%,4,17,13.182
b. avance 10-40%,4,18,13.532
b. avance 10-40%,4,19,13.632
b. avance 10-40%,4,20,13.727
b. avance 10-40%,4,21,13.851
b. avance 10-40%,4,22,14.005
b. avance 10-40%,4,23,14.096
b. avance 10-40%,4,24,14.278
b. avance 10-40%,4,25,14.661
b. avance 10-40%,4,26,15.048
b. avance 10-40%,4,27,15.49
b. avance 10-40%,4,28,16.287
b. avance 10-40%,4,29,17.678
b. avance 10-40%,4,30,18.596
b. avance 10-40%,4,31,20.761
b. avance 10-40%,5,0,4.211
b. avance 10-40%,5,1,5.618
b. avance 10-40%,5,2,8.18
b. avance 10-40%,5,3,9.825
b. avance 10-40%,5,4,10.607
b. avance 10-40%,5,5,11.225
b. avance 10-40%,5,6,11.724
b. avance 10-40%,5,7,11.945
b. avance 10-40%,5,8,12.14
b. avance 10-40%,5,9,12.555
b. avance 10-40%,5,10,12.975
b. avance 10-40%,5,11,13.322
b. avance 10-40%,5,12,13.567
b. avance 10-40%,5,13,13.678
b. avance 10-40%,5,14,13.786
b. avance 10-40%,5,15,13.878
b. avance 10-40%,5,16,14.081
b. avance 10-40%,5,17,14.306
b. avance 10-40%,5,18,14.451
b. avance 10-40%,5,19,14.613
b. avance 10-40%,5,20,14.792
b. avance 10-40%,5,21,14.904
b. avance 10-40%,5,22,14.951
b. avance 10-40%,5,23,15.181
b. avance 10-40%,5,24,15.371
b. avance 10-40%,5,25,15.684
b. avance 10-40%,5,26,16.006
b. avance 10-40%,5,27,16.941
b. avance 10-40%,5,28,17.909
b. avance 10-40%,5,29,18.763
b. avance 10-40%,5,30,21.38
b. avance 10-40%,5,31,23.497
b. avance 10-40%,6,0,2.852
b. avance 10-40%,6,1,7.109
b. avance 10-40%,6,2,8.681
b. avance 10-40%,6,3,10.223
b. avance 10-40%,6,4,10.885
b. avance 10-40%,6,5,11.419
b. avance 10-40%,6,6,11.737
b. avance 10-40%,6,7,11.915
b. avance 10-40%,6,8,12.372
b. avance 10-40%,6,9,12.707
b. avance 10-40%,6,10,12.861
b. avance 10-40%,6,11,12.944
b. avance 10-40%,6,12,13.165
b. avance 10-40%,6,13,13.319
b. avance 10-40%,6,14,13.371
b. avance 10-40%,6,15,13.524
b. avance 10-40%,6,16,13.637
b. avance 10-40%,6,17,13.827
b. avance 10-40%,6,18,13.963
b. avance 10-40%,6,19,14.115
b. avance 10-40%,6,20,14.245
b. avance 10-40%,6,21,14.304
b. avance 10-40%,6,22,14.481
b. avance 10-40%,6,23,14.65
b. avance 10-40%,6,24,14.977
b. avance 10-40%,6,25,15.246
b. avance 10-40%,6,26,15.639
b. avance 10-40%,6,27,16.374
b. avance 10-40%,6,28,16.811
b. avance 10-40%,6,29,18.659
b. avance 10-40%,6,30,20.929
b. avance 10-40%,6,31,22.897
c. avance 40-70%,1,0,11.563
c. avance 40-70%,1,1,17.461
c. avance 40-70%,1,2,20.122
c. avance 40-70%,1,3,22.787
c. avance 40-70%,1,4,23.849
c. avance 40-70%,1,5,24.293
c. avance 40-70%,1,6,25.362
c. avance 40-70%,1,7,26.163
c. avance 40-70%,1,8,27.055
c. avance 40-70%,1,9,27.527
c. avance 40-70%,1,10,28.106
c. avance 40-70%,1,11,28.407
c. avance 40-70%,1,12,28.527
c. avance 40-70%,1,13,28.866
c. avance 40-70%,1,14,29.149
c. avance 40-70%,1,15,29.447
c. avance 40-70%,1,16,29.698
c. avance 40-70%,1,17,29.919
c. avance 40-70%,1,18,30.064
c. avance 40-70%,1,19,30.202
c. avance 40-70%,1,20,30.421
c. avance 40-70%,1,21,30.677
c. avance 40-70%,1,22,31.001
c. avance 40-70%,1,23,31.281
c. avance 40-70%,1,24,31.78
c. avance 40-70%,1,25,32.15
c. avance 40-70%,1,26,32.567
c. avance 40-70%,1,27,33.703
c. avance 40-70%,1,28,35.341
c. avance 40-70%,1,29,38.029
c. avance 40-70%,1,30,41.154
c. avance 40-70%,1,31,43.865
c. avance 40-70%,2,0,11.863
c. avance 40-70%,2,1,17.113
c. avance 40-70%,2,2,20.302
c. avance 40-70%,2,3,21.758
c. avance 40-70%,2,4,22.401
c. avance 40-70%,2,5,23.76
c. avance 40-70%,2,6,24.721
c. avance 40-70%,2,7,25.637
c. avance 40-70%,2,8,26.633
c. avance 40-70%,2,9,27.237
c. avance 40-70%,2,10,27.811
c. avance 40-70%,2,11,28.056
c. avance 40-70%,2,12,28.621
c. avance 40-70%,2,13,28.877
c. avance 40-70%,2,14,29.216
c. avance 40-70%,2,15,29.524
c. avance 40-70%,2,16,29.794
c. avance 40-70%,2,17,29.917
c. avance 40-70%,2,18,30.185
c. avance 40-70%,2,19,30.403
c. avance 40-70%,2,20,30.63
c. avance 40-70%,2,21,30.897
c. avance 40-70%,2,22,31.084
c. avance 40-70%,2,23,31.476
c. avance 40-70%,2,24,31.741
c. avance 40-70%,2,25,32.061
c. avance 40-70%,2,26,32.552
c. avance 40-70%,2,27,33.39
c. avance 40-70%,2,28,34.612
c. avance 40-70%,2,29,36.787
c. avance 40-70%,2,30,40.3
c. avance 40-70%,2,31,42.788
c. avance 40-70%,3,0,11.863
c. avance 40-70%,3,1,17.959
c. avance 40-70%,3,2,20.41
c. avance 40-70%,3,3,21.605
c. avance 40-70%,3,4,23.428
c. avance 40-70%,3,5,24.496
c. avance 40-70%,3,6,25.614
c. avance 40-70%,3,7,26.367
c. avance 40-70%,3,8,27.33
c. avance 40-70%,3,9,27.74
c. avance 40-70%,3,10,27.962
c. avance 40-70%,3,11,28.276
c. avance 40-70%,3,12,28.678
c. avance 40-70%,3,13,29.158
c. avance 40-70%,3,14,29.468
c. avance 40-70%,3,15,29.902
c. avance 40-70%,3,16,30.121
c. avance 40-70%,3,17,30.214
c. avance 40-70%,3,18,30.911
c. avance 40-70%,3,19,31.235
c. avance 40-70%,3,20,31.443
c. avance 40-70%,3,21,31.748
c. avance 40-70%,3,22,32.065
c. avance 40-70%,3,23,32.329
c. avance 40-70%,3,24,32.522
c. avance 40-70%,3,25,33.096
c. avance 40-70%,3,26,33.739
c. avance 40-70%,3,27,34.696
c. avance 40-70%,3,28,36.199
c. avance 40-70%,3,29,38.695
c. avance 40-70%,3,30,41.935
c. avance 40-70%,3,31,43.736
c. avance 40-70%,4,0,11.834
c. avance 40-70%,4,1,16.016
c. avance 40-70%,4,2,17.428
c. avance 40-70%,4,3,21.041
c. avance 40-70%,4,4,22.807
c. avance 40-70%,4,5,23.995
c. avance 40-70%,4,6,24.734
c. avance 40-70%,4,7,25.484
c. avance 40-70%,4,8,25.906
c. avance 40-70%,4,9,26.106
c. avance 40-70%,4,10,26.709
c. avance 40-70%,4,11,27.213
c. avance 40-70%,4,12,27.713
c. avance 40-70%,4,13,27.95
c. avance 40-70%,4,14,28.285
c. avance 40-70%,4,15,28.636
c. avance 40-70%,4,16,28.748
c. avance 40-70%,4,17,28.991
c. avance 40-70%,4,18,29.293
c. avance 40-70%,4,19,29.529
c. avance 40-70%,4,20,29.725
c. avance 40-70%,4,21,29.979
c. avance 40-70%,4,22,30.307
c. avance 40-70%,4,23,30.534
c. avance 40-70%,4,24,30.87
c. avance 40-70%,4,25,31.28
c. avance 40-70%,4,26,31.923
c. avance 40-70%,4,27,32.859
c. avance 40-70%,4,28,34.32
c. avance 40-70%,4,29,36.756
c. avance 40-70%,4,30,38.353
c. avance 40-70%,4,31,41.969
c. avance 40-70%,5,0,8.336
c. avance 40-70%,5,1,11.304
c. avance 40-70%,5,2,16.983
c. avance 40-70%,5,3,20.962
c. avance 40-70%,5,4,23.147
c. avance 40-70%,5,5,24.522
c. avance 40-70%,5,6,25.733
c. avance 40-70%,5,7,26.373
c. avance 40-70%,5,8,26.748
c. avance 40-70%,5,9,27.524
c. avance 40-70%,5,10,28.124
c. avance 40-70%,5,11,28.675
c. avance 40-70%,5,12,28.957
c. avance 40-70%,5,13,29.285
c. avance 40-70%,5,14,29.558
c. avance 40-70%,5,15,29.683
c. avance 40-70%,5,16,29.935
c. avance 40-70%,5,17,30.161
c. avance 40-70%,5,18,30.354
c. avance 40-70%,5,19,30.703
c. avance 40-70%,5,20,30.903
c. avance 40-70%,5,21,31.071
c. avance 40-70%,5,22,31.186
c. avance 40-70%,5,23,31.515
c. avance 40-70%,5,24,31.972
c. avance 40-70%,5,25,32.286
c. avance 40-70%,5,26,32.812
c. avance 40-70%,5,27,33.79
c. avance 40-70%,5,28,35.19
c. avance 40-70%,5,29,36.498
c. avance 40-70%,5,30,40.576
c. avance 40-70%,5,31,44.433
c. avance 40-70%,6,0,6.692
c. avance 40-70%,6,1,15.958
c. avance 40-70%,6,2,20.194
c. avance 40-70%,6,3,23.382
c. avance 40-70%,6,4,24.733
c. avance 40-70%,6,5,25.904
c. avance 40-70%,6,6,26.502
c. avance 40-70%,6,7,26.843
c. avance 40-70%,6,8,27.805
c. avance 40-70%,6,9,28.275
c. avance 40-70%,6,10,28.724
c. avance 40-70%,6,11,29.196
c. avance 40-70%,6,12,29.543
c. avance 40-70%,6,13,29.684
c. avance 40-70%,6,14,29.882
c. avance 40-70%,6,15,30.216
c. avance 40-70%,6,16,30.492
c. avance 40-70%,6,17,30.67
c. avance 40-70%,6,18,30.953
c. avance 40-70%,6,19,31.189
c. avance 40-70%,6,20,31.374
c. avance 40-70%,6,21,31.527
c. avance 40-70%,6,22,31.714
c. avance 40-70%,6,23,32.152
c. avance 40-70%,6,24,32.651
c. avance 40-70%,6,25,33.027
c. avance 40-70%,6,26,33.709
c. avance 40-70%,6,27,34.636
c. avance 40-70%,6,28,35.55
c. avance 40-70%,6,29,38.365
c. avance 40-70%,6,30,42.158
c. avance 40-70%,6,31,45.26
d. avance 70%+,1,0,23.118
d. avance 70%+,1,1,33.989
d. avance 70%+,1,2,40.082
d. avance 70%+,1,3,45.218
d. avance 70%+,1,4,47.29
d. avance 70%+,1,5,48.42
d. avance 70%+,1,6,50.867
d. avance 70%+,1,7,52.743
d. avance 70%+,1,8,54.888
d. avance 70%+,1,9,56.51
d. avance 70%+,1,10,57.751
d. avance 70%+,1,11,58.438
d. avance 70%+,1,12,58.79
d. avance 70%+,1,13,59.758
d. avance 70%+,1,14,60.684
d. avance 70%+,1,15,61.345
d. avance 70%+,1,16,62.11
d. avance 70%+,1,17,62.565
d. avance 70%+,1,18,62.901
d. avance 70%+,1,19,62.998
d. avance 70%+,1,20,63.393
d. avance 70%+,1,21,63.752
d. avance 70%+,1,22,64.158
d. avance 70%+,1,23,64.763
d. avance 70%+,1,24,65.476
d. avance 70%+,1,25,65.95
d. avance 70%+,1,26,66.434
d. avance 70%+,1,27,67.505
d. avance 70%+,1,28,68.998
d. avance 70%+,1,29,72.229
d. avance 70%+,1,30,75.17
d. avance 70%+,1,31,77.831
d. avance 70%+,2,0,24.87
d. avance 70%+,2,1,36.17
d. avance 70%+,2,2,43.662
d. avance 70%+,2,3,46.904
d. avance 70%+,2,4,47.787
d. avance 70%+,2,5,51.539
d. avance 70%+,2,6,53.886
d. avance 70%+,2,7,55.503
d. avance 70%+,2,8,57.749
d. avance 70%+,2,9,59.075
d. avance 70%+,2,10,59.4
d. avance 70%+,2,11,59.727
d. avance 70%+,2,12,60.503
d. avance 70%+,2,13,61.162
d. avance 70%+,2,14,62.066
d. avance 70%+,2,15,62.844
d. avance 70%+,2,16,63.399
d. avance 70%+,2,17,64.018
d. avance 70%+,2,18,64.228
d. avance 70%+,2,19,64.817
d. avance 70%+,2,20,65.047
d. avance 70%+,2,21,65.619
d. avance 70%+,2,22,65.992
d. avance 70%+,2,23,66.524
d. avance 70%+,2,24,66.937
d. avance 70%+,2,25,67.227
d. avance 70%+,2,26,68.064
d. avance 70%+,2,27,68.906
d. avance 70%+,2,28,70.425
d. avance 70%+,2,29,72.026
d. avance 70%+,2,30,75.27
d. avance 70%+,2,31,77.106
d. avance 70%+,3,0,22.319
d. avance 70%+,3,1,34.29
d. avance 70%+,3,2,39.066
d. avance 70%+,3,3,40.405
d. avance 70%+,3,4,44.158
d. avance 70%+,3,5,47.703
d. avance 70%+,3,6,50.167
d. avance 70%+,3,7,52.087
d. avance 70%+,3,8,54.185
d. avance 70%+,3,9,55.087
d. avance 70%+,3,10,55.445
d. avance 70%+,3,11,56.203
d. avance 70%+,3,12,57.371
d. avance 70%+,3,13,58.683
d. avance 70%+,3,14,59.511
d. avance 70%+,3,15,60.019
d. avance 70%+,3,16,60.884
d. avance 70%+,3,17,60.988
d. avance 70%+,3,18,61.327
d. avance 70%+,3,19,61.828
d. avance 70%+,3,20,63.012
d. avance 70%+,3,21,63.321
d. avance 70%+,3,22,63.849
d. avance 70%+,3,23,64.326
d. avance 70%+,3,24,64.778
d. avance 70%+,3,25,65.133
d. avance 70%+,3,26,65.943
d. avance 70%+,3,27,67.629
d. avance 70%+,3,28,68.788
d. avance 70%+,3,29,71.339
d. avance 70%+,3,30,74.043
d. avance 70%+,3,31,75.151
d. avance 70%+,4,0,22.61
d. avance 70%+,4,1,30.162
d. avance 70%+,4,2,32.992
d. avance 70%+,4,3,41.95
d. avance 70%+,4,4,46.753
d. avance 70%+,4,5,48.177
d. avance 70%+,4,6,50.408
d. avance 70%+,4,7,51.74
d. avance 70%+,4,8,52.638
d. avance 70%+,4,9,53.269
d. avance 70%+,4,10,54.822
d. avance 70%+,4,11,56.268
d. avance 70%+,4,12,56.763
d. avance 70%+,4,13,57.357
d. avance 70%+,4,14,58.11
d. avance 70%+,4,15,58.629
d. avance 70%+,4,16,59.426
d. avance 70%+,4,17,59.829
d. avance 70%+,4,18,60.354
d. avance 70%+,4,19,61.267
d. avance 70%+,4,20,61.783
d. avance 70%+,4,21,62.146
d. avance 70%+,4,22,62.62
d. avance 70%+,4,23,62.714
d. avance 70%+,4,24,62.996
d. avance 70%+,4,25,63.512
d. avance 70%+,4,26,64.399
d. avance 70%+,4,27,65.206
d. avance 70%+,4,28,66.752
d. avance 70%+,4,29,68.794
d. avance 70%+,4,30,70.001
d. avance 70%+,4,31,73.83
d. avance 70%+,5,0,16.629
d. avance 70%+,5,1,22.238
d. avance 70%+,5,2,34.165
d. avance 70%+,5,3,43.295
d. avance 70%+,5,4,47.632
d. avance 70%+,5,5,50.294
d. avance 70%+,5,6,52.321
d. avance 70%+,5,7,53.348
d. avance 70%+,5,8,54.011
d. avance 70%+,5,9,56.021
d. avance 70%+,5,10,57.384
d. avance 70%+,5,11,58.547
d. avance 70%+,5,12,59.278
d. avance 70%+,5,13,60.109
d. avance 70%+,5,14,60.529
d. avance 70%+,5,15,60.729
d. avance 70%+,5,16,61.364
d. avance 70%+,5,17,62.222
d. avance 70%+,5,18,62.87
d. avance 70%+,5,19,63.255
d. avance 70%+,5,20,63.55
d. avance 70%+,5,21,63.876
d. avance 70%+,5,22,64.313
d. avance 70%+,5,23,64.738
d. avance 70%+,5,24,65.448
d. avance 70%+,5,25,66.339
d. avance 70%+,5,26,66.849
d. avance 70%+,5,27,68.749
d. avance 70%+,5,28,70.094
d. avance 70%+,5,29,70.651
d. avance 70%+,5,30,73.683
d. avance 70%+,5,31,77.858
d. avance 70%+,6,0,12.592
d. avance 70%+,6,1,29.621
d. avance 70%+,6,2,38.498
d. avance 70%+,6,3,45.478
d. avance 70%+,6,4,48.383
d. avance 70%+,6,5,50.079
d. avance 70%+,6,6,51.317
d. avance 70%+,6,7,51.837
d. avance 70%+,6,8,53.719
d. avance 70%+,6,9,55.181
d. avance 70%+,6,10,57.183
d. avance 70%+,6,11,58.262
d. avance 70%+,6,12,59.143
d. avance 70%+,6,13,59.426
d. avance 70%+,6,14,59.765
d. avance 70%+,6,15,60.016
d. avance 70%+,6,16,60.374
d. avance 70%+,6,17,61.324
d. avance 70%+,6,18,61.98
d. avance 70%+,6,19,62.79
d. avance 70%+,6,20,62.867
d. avance 70%+,6,21,62.901
d. avance 70%+,6,22,63.405
d. avance 70%+,6,23,64.52
d. avance 70%+,6,24,65.022
d. avance 70%+,6,25,65.626
d. avance 70%+,6,26,66.493
d. avance 70%+,6,27,67.599
d. avance 70%+,6,28,68.1
d. avance 70%+,6,29,71.372
d. avance 70%+,6,30,75.459
d. avance 70%+,6,31,79.04
